continentLabel,mountainLabel,latitude,longitude
Австралия,Mount Bogong,-36.7325,147.305833333
Австралия,Косцюшко,-36.4558303,148.2635105
Австралия,Mount Ossa,-41.871025,146.033344444
Австралия,Mount Bartle Frere,-17.383333333,145.816666666
Австралия,Бейтс,-29.0112306,167.939961
Австралия,Mount Wycheproof,-36.076944444,143.233888888
Австралия,Mount Donna Buang,-37.706388888,145.681111111
Австралия,Mount Buffalo,-36.777,146.767
Австралия,Mount Dandenong,-37.827158,145.352823
Азия,Дайсецудзан (планински масив),43.65,142.85
Азия,Mount Talamau,0.079166666,99.983333333
Азия,Mount Chōkai,39.099166666,140.048888888
Азия,Авачинска сопка,53.255,158.832777777
Азия,Авачинска сопка,53.255555555,158.833333333
Азия,Kronotsky,54.75,160.516666666
Азия,Kronotsky,54.75,160.516666666
Азия,Kronotsky,54.75262,160.53201
Азия,Kronotsky,54.75262,160.53201
Азия,Mount Pulosari,-6.341666666,105.978333333
Азия,Shiveluch,56.653633333,161.362966666
Азия,Mount Butak,-7.92,112.45
Азия,Mount Kaba,-3.52,102.62
Азия,Ключевская Сопка,56.066666666,160.633333333
Азия,Вулкан на Саричев,48.090555555,153.201388888
Азия,Вулкан на Саричев,48.090555555,153.201388888
Азия,Abu,34.5,131.6
Азия,Akademia Nauk,53.966666666,159.45
Азия,Mount Akagi,36.560833333,139.193611111
Азия,Тятя,44.353888888,146.250833333
Азия,Тятя,44.35408,146.25099
Азия,Makian,0.333333333,127.366666666
Азия,Алаид,50.858888888,155.557222222
Азия,Lamanon,48.7,142.1
Азия,Kawi-Butak,-7.92,112.45
Азия,Kawi-Butak,-7.92,112.45
Азия,Казбек,42.696944444,44.518888888
Азия,Ключевская Сопка,56.066666666,160.633333333
Азия,Мунку Сардък,51.7188331,100.5970552
Азия,Akademia Nauk,53.966666666,159.45
Азия,"Murray Hill, Christmas Island",-10.483333333,105.580833333
Азия,Berill Mountain,62.395833333,141.326666666
Азия,Tordoki Yani,48.897222222,138.052777777
Азия,Елбрус,43.35254,42.437875
Азия,Shiveluch,56.653633333,161.362966666
Азия,Арарат,39.701944444,44.298333333
Азия,Белуха,49.806944444,86.589722222
Азия,Базардюзю,41.2204928,47.8583417
Азия,Победа,65.177266666,146.008644444
Азия,Авачинска сопка,53.255,158.832777777
Азия,Авачинска сопка,53.255555555,158.833333333
Азия,Олимп,34.936666666,32.863888888
Азия,Mus-Khaya,62.583333333,140.9
Азия,Mus-Khaya,62.583333333,140.9
Азия,Mount Livadiyskaya,43.066666666,132.683333333
Азия,Южночуйски хребет,49.8167,87.65
Азия,Южночуйски хребет,49.726944444,88.023055555
Азия,Севернобайкалски планини,56.40818611,111.1019833
Азия,Севернобайкалски планини,57.0,111.0
Азия,Mount Kholodilnik,43.145277777,131.94
Азия,Lalveri,43.070833333,43.016111111
Азия,Lalveri,43.070833333,43.016111111
Азия,Южен Алтай,49.10027779,87.49722223
Азия,Южен Алтай,49.10027779,87.49722223
Азия,Башчелакски хребет,51.345,84.124166666
Азия,Башчелакски хребет,51.287061,84.329489
Азия,Q4143416,43.158333333,132.017777777
Азия,Q4257139,75.877777777,107.809166666
Азия,Oblachnaya,43.695833333,134.198888888
Азия,Кйпарисовоуно,35.3194444,33.1616667
Азия,Iskhodnaya,67.81621,178.2947267
Азия,Mount Pulosari,-6.341666666,105.978333333
Азия,Mount Butak,-7.92,112.45
Азия,Сакураджима,31.580555555,130.658055555
Азия,Мерапи,-7.541388888,110.446111111
Азия,Mount Kaba,-3.52,102.62
Азия,Mount Sinabung,3.17,98.391944444
Азия,Казбек,42.696944444,44.518888888
Азия,Semeru,-8.1,112.916666666
Азия,Mount Adatara,37.633333333,140.283333333
Азия,Mount Egon,-8.666666666,122.45
Азия,Amasing Hill,-0.532222222,127.498055555
Азия,Апо,6.9875,125.270833333
Азия,Mount Lamongan,-7.979,113.342
Азия,Ijen,-8.058,114.242
Азия,Mount Salak,-6.715833333,106.733611111
Азия,Batu Tara,-7.791666666,123.579166666
Азия,Mount Kerinci,-1.696944,101.264444
Азия,Mount Besar,-4.437222222,103.671388888
Азия,Bibinoi Hill,-0.766666666,127.716666666
Азия,Kronotsky,54.75,160.516666666
Азия,Kronotsky,54.75,160.516666666
Азия,Kronotsky,54.75262,160.53201
Азия,Kronotsky,54.75262,160.53201
Азия,Cagua Volcano,18.221666666,122.123333333
Азия,Dolok Lubuk Raya,1.478,99.209
Азия,Mount Haruna,36.476944444,138.878055555
Азия,Pulau Krakatau,-6.1525,105.444269
Азия,Rokatenda,-8.316666666,121.708333333
Азия,Mount Gamkonora,1.38,127.53
Азия,Gunungapi Wetar,-6.641666666,126.65
Азия,Lewotolo,-8.272,123.505
Азия,Dieng Volcanic Complex,-7.2,109.92
Азия,Mount Ruang,2.305,125.365
Азия,Mount Sibayak,3.239166666,98.505555555
Азия,Iliboleng,-8.344,123.252
Азия,Казбек,42.696944444,44.518888888
Азия,Апо,6.9875,125.270833333
Азия,Shinmoedake,31.9096,130.88642
Азия,Minami-Hiyoshi Seamount,23.497972222,141.929083333
Азия,Kaikata Seamount,26.666667,140.929167
Азия,Kaikata Seamount,26.666667,141.0
Азия,Akhtang,55.43,158.65
Азия,Халасан,33.35,126.516666666
Азия,Lewotobi,-8.533333333,122.766666666
Азия,Mount Kawi,-7.92,112.45
Азия,Mount Mahawu,1.358,124.858
Азия,Mount Empung,1.37423,124.80324
Азия,Mount Tongkoko,1.52,125.2
Азия,Inierie,-8.875,120.95
Азия,Ililabalekan,-8.55,123.38
Азия,Mount Hutapanjang,-2.33,101.6
Азия,Kiaraberes-Gagak,-6.73,106.65
Азия,Bukit Lumut Balai,-4.22,103.62
Азия,Pulau Moti,0.456942,127.410831
Азия,Gunung Halimun,-6.710428,106.451239
Азия,Gora Ulun,50.508888888,134.326388888
Азия,Q137460484,54.104444444,110.038611111
Азия,Minami-Hiyoshi Seamount,23.497972222,141.929083333
Азия,Ilimuda,-8.478,122.671
Азия,Mount Nila,-6.73,129.5
Азия,Mount Kunyit,-2.275833333,101.49
Азия,Вулкан на Саричев,48.090555555,153.201388888
Азия,Вулкан на Саричев,48.090555555,153.201388888
Азия,Mount Chōkai,39.099166666,140.048888888
Азия,Mount Haruna,36.476944444,138.878055555
Азия,Q132649168,63.641388888,147.843611111
Азия,Храмов хълм,31.777777777,35.235555555
Азия,Cagua Volcano,18.221666666,122.123333333
Азия,Kaikata Seamount,26.666667,140.929167
Азия,Kaikata Seamount,26.666667,141.0
Америка,Descabezado Grande,-35.583333333,-70.75
Америка,Маунт Сенери,17.635,-63.239166666
Америка,Серо Ел Муерто,-27.0575,-68.483888888
Америка,Volcán de Agua,14.465,-90.742777777
Америка,Puracé,2.314166666,-76.394166666
Америка,Volcán Wolf,0.033333333,-91.333333333
Америка,Alcedo Volcano,-0.396583,-91.109104
Америка,Incahuasi,-27.033333333,-68.3
Америка,Мармолехо,-33.717129,-69.864514
Америка,Morne Watt,15.307,-61.305
Америка,Tacora,-17.716666666,-69.766666666
Америка,Tacora,-17.716666666,-69.766666666
Америка,Tacora,-17.716666666,-69.766666666
Америка,Volcán San Pedro,14.655833333,-91.265833333
Америка,Volcán San Pedro,14.6559,-91.2659
Америка,Nevados de Chillán,-36.863333333,-71.376666666
Америка,Сан Хосе,-33.781666666,-69.897222222
Америка,Los Patos,-27.301111111,-68.808888888
Америка,Tecuamburro,14.156111111,-90.406944444
Америка,Volcán Darwin,-0.183333333,-91.283333333
Америка,Сан Педро,-21.887777777,-68.391388888
Америка,Aguas Calientes,-23.368333333,-67.685
Америка,Q2861446,-24.416944,-67.9875
Америка,Ata volcano,-27.1819,-68.5762
Америка,Salín,-24.3317,-68.0639
Америка,Callaqui,-37.916666666,-71.45
Америка,Carrán-Los Venados,-40.308,-72.07
Америка,Peak Pantojo,-40.768164,-71.94312215
Америка,Santa Isabel,4.81666667,-75.36666667
Америка,Suchitan,14.333333333,-89.78
Америка,Volcán Huequi,-42.376666666,-72.578055555
Америка,Volcán Huequi,-42.36333,-72.57472
Америка,Linzor,-22.15,-67.96667
Америка,Linzor,-22.15,-67.966666666
Америка,Cerro Macá,-45.105833333,-73.169166666
Америка,Tahual,14.43,-89.9
Америка,Antuco,-37.41,-71.351111111
Америка,Ластариа,-25.166666666,-68.5
Америка,Mount Shishaldin,54.75,-163.966666666
Америка,Ccarhuarazo,-14.33194444,-73.75694444
Америка,Pacaya,14.380833333,-90.601111111
Америка,Aucanquilcha,-21.220833333,-68.468333333
Америка,Mount Redoubt,60.485277777,-152.743055555
Америка,Tunupa volcano,-19.83,-67.64
Америка,Volcán de Fuego,14.474722222,-90.880833333
Америка,Калбуко,-41.332777777,-72.611111111
Америка,Cerro Azul,-35.653333333,-70.760833333
Америка,Mount Hudson,-45.92,-72.95
Америка,Quetena Volcano,-22.260833333,-67.415555555
Америка,Cerro Verde,13.827777777,-89.625277777
Америка,Cerro Verde,13.826411111,-89.622580555
Америка,Fourpeaked Mountain,58.77,-153.671944444
Америка,Fourpeaked Mountain,58.77,-153.671944444
Америка,Chaitén,-42.832777777,-72.645833333
Америка,Lonquimay,-38.37919,-71.58991814
Америка,Люляйляко,-24.719722222,-68.536666666
Америка,Галерас,1.216666666,-77.366666666
Америка,"Guallatiri, Chile",-18.423611111,-69.089722222
Америка,Parinacota,-18.165752777,-69.141611111
Америка,Aracar,-24.29,-67.7833
Америка,Антофаля,-25.5625,-67.880833333
Америка,Copahue,-37.852222222,-71.1675
Америка,Acamarachi,-23.295833333,-67.617222222
Америка,Acamarachi,-23.295833333,-67.617222222
Америка,Acatenango,14.500833333,-90.875833333
Америка,Arintica,-18.75,-69.05
Америка,Irruputuncu,-20.733333333,-68.566666666
Америка,Lanín,-39.637178,-71.50305748
Америка,Pomerape,-18.126275,-69.126719444
Америка,Socompa,-24.393333333,-68.256111111
Америка,Tromen,-37.142,-70.03
Америка,Cerro Solo,-27.108333333,-68.716666666
Америка,Матлалкуейтъл,19.23083333,-98.03194444
Америка,Cerro Bravo,5.089166666,-75.292222222
Америка,Hornopirén,-41.874444444,-72.431388888
Америка,Volcán Tacaná,15.1334,-92.1058
Америка,Nevado San Francisco,-26.918333333,-68.263055555
Америка,Cerro Bayo Complex,-25.416666666,-68.583333333
Америка,Volcán Tolimán,14.6125,-91.189166666
Америка,Nuevo Mundo volcano,-19.774166666,-66.478333333
Америка,Cumbal,0.955833333,-77.883333333
Америка,Sotará,2.108055555,-76.591944444
Америка,El Totumo,10.74447222,-75.24140278
Америка,Sangay volcano,-2.0025,-78.340833333
Америка,Чимборасо,-1.469166666,-78.8175
Америка,Антисана,-0.481388888,-78.140833333
Америка,Mocho-Choshuenco,-39.921889,-72.03323364
Америка,Putana,-22.557302,-67.852834
Америка,Putana,-22.557302,-67.852834
Америка,Tolhuaca,-38.315181,-71.64871216
Америка,Volcán Ecuador,-0.0333333,-91.9
Америка,Volcán Ecuador,-0.016667,-91.545833
Америка,Volcán Ecuador,0.02,-91.546
Америка,Cerro Colorado,-22.59233333,-67.92216667
Америка,Cerro del Nacimiento,-27.2783,-68.5247
Америка,Cerro del Nacimiento,-27.280555555,-68.5125
Америка,Cerro del Nacimiento,-27.1957,-68.561
Америка,El Ermitaño,-26.786944444,-68.603333333
Америка,Q5674083,-36.8667,-71.3667
Америка,Palpana,-21.546666666,-68.5225
Америка,Palpana,-21.5464,-68.5227
Америка,San Pablo,-21.883888888,-68.3425
Америка,El Escondido volcano,5.514,-75.043
Америка,Crater Jiskha Phia,-18.61528,-68.75361
Америка,Crater Jachcha Phia,-18.60472,-68.75306
Америка,Cerro Tolar,-27.359166666,-67.292777777
Америка,Volcán Tres Picos,-48.4362,-69.3584
Америка,Cono Truncado,-48.533333333,-69.433333333
Америка,Cerro Volcán,-27.7945,-68.4348
Америка,Cerro Volcán,-46.6619,-70.7905
Америка,Morro de los Volcanes,-25.3833,-65.0408
Америка,Cerro Volcán Grande,-47.031388888,-71.224444444
Америка,Cerro Volcán Overo,-34.5734,-70.0202
Америка,Volcán Rojo,-27.1498,-68.3237
Америка,Volcán Santa María,-36.3017,-69.3242
Америка,Segundo Cono Truncado,-48.5658,-69.3433
Америка,Volcán Pihuel,-36.1042,-69.405
Америка,Volcán Negro,-27.099722222,-68.38
Америка,Escorial de la Media Luna,-36.233333333,-69.316666666
Америка,Cerro Morado,-27.347222222,-67.258055555
Америка,Volcanes Los Callos,-36.645555555,-69.613888888
Америка,Los Volcanes,-36.4285,-69.5175
Америка,Volcán del Manantial,-26.7167,-67.9967
Америка,Volcán del Hoyo,-36.15,-69.1
Америка,Volcán Juncal,-24.7675,-66.805
Америка,Pico Cónico Truncado,-48.75,-69.3
Америка,Cerro Cono Fontana,-45.025277777,-71.438055555
Америка,Volcán Dolo,-36.316666666,-68.733333333
Америка,Volcán Elisabeth,-48.31,-69.7683
Америка,Volcán El Jinete,-36.5985,-69.6032
Америка,Volcán de Cochiquito,-36.738333333,-69.834722222
Америка,Cerro Alto del Volcán,-27.396,-67.2853
Америка,Cerro Alumbrera,-26.1425,-67.424166666
Америка,Volcán Auvernia,-48.4494,-68.18
Америка,Cerro Negro,-27.314166666,-67.29
Америка,Nevado Tres Cruces Central,-27.068638888,-68.786472222
Америка,Люляйляко,-24.719722222,-68.536666666
Америка,Охос дел Саладо,-27.109444444,-68.542222222
Америка,Галерас,1.216666666,-77.366666666
Америка,"Guallatiri, Chile",-18.423611111,-69.089722222
Америка,Cerro Chirripó,9.484083333,-83.488666666
Америка,Parinacota,-18.165752777,-69.141611111
Америка,Cerro Pintado,10.458881565,-72.903561264
Америка,Nevado Anallajsi,-17.916666666,-68.916666666
Америка,Nevado Sajama,-18.108055555,-68.883055555
Америка,Cerro Marahuaca,3.66,-65.40666667
Америка,Mount Monadnock,42.860833333,-72.108055555
Америка,Aracar,-24.29,-67.7833
Америка,Антофаля,-25.5625,-67.880833333
Америка,Cordón del Azufre,-25.333333333,-68.516666666
Америка,Acamarachi,-23.295833333,-67.617222222
Америка,Acamarachi,-23.295833333,-67.617222222
Америка,Acatenango,14.500833333,-90.875833333
Америка,Pico Cristóbal Colón,10.834444444,-73.691388888
Америка,Acopán-tepui,5.2,-62.06666667
Америка,Uritorco,-30.844166666,-64.476111111
Америка,Arintica,-18.75,-69.05
Америка,Irruputuncu,-20.733333333,-68.566666666
Америка,North Twin,52.223694444,-117.434388888
Америка,Volcán Atitlán,14.583333333,-91.186111111
Америка,Lanín,-39.637178,-71.50305748
Америка,Aguilera,-50.284585,-73.66839409
Америка,Pomerape,-18.126275,-69.126719444
Америка,Socompa,-24.393333333,-68.256111111
Америка,Tronador,-41.160833333,-71.8875
Америка,Tromen,-37.142,-70.03
Америка,Невадо де Колима,19.5636,-103.608
Америка,Sierra de la Culata,8.98694,-71.25
Америка,Agathla Peak,36.826666666,-110.225555555
Америка,Mount Babel,51.4411,-68.6919
Америка,Unnecessary Mountain,49.4483,-123.198
Америка,Xítle,19.245669,-99.222706
Америка,Mount Saint Catherine,12.162222222,-61.675277777
Америка,Yerupajá,-10.268889,-76.905278
Америка,Mont Farlagne,47.401389,-68.390833
Америка,Muela del Diablo,-16.5625,-68.056944444
Америка,Mount Washington,44.270827777,-71.303483333
Америка,Misti,-16.296388888,-71.410555555
Америка,Boundary Peak,37.8461,-118.351
Америка,Cerro Solo,-27.108333333,-68.716666666
Америка,Невадо Мисми,-15.525277777,-71.690833333
Америка,Pico Cristóbal Colón,10.838333333,-73.686666666
Америка,Невадо Трес Крусес,-27.098055555,-68.778055555
Америка,Monte Pissis,-27.755277777,-68.799166666
Америка,Pico da Bandeira,-20.435151,-41.7963
Америка,Volcan Baru,8.808,-82.543
Америка,Яманота,12.487222222,-69.940277777
Америка,Q'asiri (Larecaja),-15.9,-68.5
Америка,Granite Peak,45.163416666,-109.807444444
Америка,Cerro Columa,-18.5,-68.066666666
Америка,Volcán Cerro Negro,12.5078224,-86.7032877
Америка,Blue Mountain Peak,18.046666666,-76.579166666
Америка,Мерседарио,-31.978888888,-70.112777777
Америка,Мерседарио,-31.978888888,-70.112777777
Америка,Мерседарио,-31.978888888,-70.112777777
Америка,Мерседарио,-31.978888888,-70.112777777
Америка,Мерседарио,-31.978888888,-70.112777777
Америка,Халф Доум,37.746,-119.533166666
Америка,Mont Yamaska,45.4569,-72.8719
Америка,Massif du Mitaraka,2.2667,-54.5167
Америка,Massif du Mitaraka,2.26932,-54.47739
Америка,Aprada Tepuy,5.4103248,-62.4477168
Америка,El Altar volcano,-1.664166666,-78.411111111
Америка,Sairecabur,-22.718888888,-67.890555555
Америка,Sairecabur,-22.718888888,-67.890555555
Америка,Falso Azufre,-26.8,-68.37
Америка,Falso Azufre,-26.7997,-68.3629
Америка,Cadillac Mountain,44.352777777,-68.224444444
Америка,Калбуко,-41.332777777,-72.611111111
Америка,Carihuairazo volcano,-1.406944444,-78.75
Америка,Villarrica Volcano,-39.42,-71.939166666
Америка,Cerro Armazones,-24.5899,-70.1918
Америка,Cerro Azul,-0.916666666,-91.408333333
Америка,Cerro Azul,-35.653333333,-70.760833333
Америка,Cerro Catedral,-41.183333333,-71.45
Америка,Cerro El Roble,-32.984722222,-71.016666666
Америка,Cerro El Roble,-32.975555555,-71.013333333
Америка,Cerro Las Minas,14.534166666,-88.68
Америка,Cerro Lípes,-21.914166666,-66.884722222
Америка,Mount Hudson,-45.92,-72.95
Америка,Wila Pukarani,-19.3306,-68.3097
Америка,Quetena Volcano,-22.260833333,-67.415555555
Америка,Cerro Tres Kandú,-25.901666666,-56.16
Америка,Cerro Rico,-19.618901,-65.749687
Америка,Cerro Verde,13.827777777,-89.625277777
Америка,Cerro Verde,13.826411111,-89.622580555
Америка,Guazapa,13.902219444,-89.113630555
Америка,Серо Торе,-49.2906,-73.09901
Америка,El Cerro del Aripo,10.716666666,-61.25
Америка,Cerro del Azufre,-21.783055555,-68.239722222
Америка,Cerros de Incahuasi,-24.033333333,-67.55
Америка,Macizo de Pacuni,-18.316666666,-68.8
Америка,Fourpeaked Mountain,58.77,-153.671944444
Америка,Fourpeaked Mountain,58.77,-153.671944444
Америка,San Miguel,13.433888888,-88.269166666
Америка,Chaupi Orco,-14.653333333,-69.228333333
Америка,San Vicente,13.595,-88.836944444
Америка,Chief Mountain,48.933833,-113.610047
Америка,Chorolque,-20.91794,-66.03619
Америка,Paruma,-20.933333333,-68.483333333
Америка,Qala Phusa,-14.88666667,-69.115
Америка,Cordillera de Azanaques,-18.36819444,-66.90222222
Америка,Cordillera de Azanaques,-18.5,-66.58333
Америка,Cordillera de Chichas,-20.75,-66.0
Америка,Cordillera de Chichas,-20.36667,-66.4
Америка,Illampu,-15.81171,-68.542934
Америка,Sirk'i Qullu,-16.383333333,-67.866666666
Америка,Pico Turquino,19.989444444,-76.835833333
Америка,Soufrière,16.0438,-61.6634
Америка,Mount Lucania,61.023333333,-140.465555555
Америка,Mount Robson,53.110555555,-119.156666666
Америка,Antuco,-37.41,-71.351111111
Америка,Mount Mitchell,35.764761111,-82.264861111
Америка,Ластариа,-25.166666666,-68.5
Америка,Vilama,-22.43,-67.0
Америка,Cerro Capurata,-18.415,-69.0458
Америка,Pitons,13.807083333,-61.070361111
Америка,Cerro Arenales,-47.197222222,-73.4675
Америка,Nevado del Huila,2.933333333,-76.033333333
Америка,Mount Elbert,39.1175,-106.445277777
Америка,La Soufrière,13.333333333,-61.183333333
Америка,Guadalupe Peak,31.891461111,-104.860711111
Америка,Itapalluni,-17.03333333,-67.4
Америка,Анкоума,-15.853333333,-68.540833333
Америка,Doyle's Delight,16.5,-89.05
Америка,Cerro El Pital,14.383333333,-89.116666666
Америка,Pukintika,-18.73333333,-68.98333333
Америка,Jirishanca,-10.251944444,-76.903055555
Америка,Кофре де Пероте,19.491944444,-97.15
Америка,Лоуган,60.567222222,-140.405277777
Америка,Auyán Tepuy,5.9008721,-62.5499729
Америка,Kunturiri,-16.16666667,-68.23333333
Америка,Salla Qullu,-18.46666667,-68.98333333
Америка,Wila Qullu,-18.3833,-68.9667
Америка,Kunturiri,-18.041666666,-69.074722222
Америка,Nevado del Tolima,4.666666666,-75.333333333
Америка,Zapaleri,-22.813805555,-67.1807
Америка,Illimani,-16.633333333,-67.790833333
Америка,Guadalupe Hill,4.59194,-74.0544
Америка,Monserrate,4.605833,-74.056389
Америка,Chaitén,-42.832777777,-72.645833333
Америка,Llaima,-38.697407,-71.730445
Америка,Chachakumani,-15.987222222,-68.383055555
Америка,Cerro San Cristóbal,-33.42527778,-70.63333333
Америка,Mount Carse,-54.716666666,-36.083333333
Америка,Lonquimay,-38.37919,-71.58991814
Америка,Mount Carleton,47.3833,-66.8833
Америка,Mount Shishaldin,54.75,-163.966666666
Америка,Nevados de Payachata,-18.15,-69.1333
Америка,Salcantay,-13.333611111,-72.544444444
Америка,Ccarhuarazo,-14.33194444,-73.75694444
Америка,Пику да Неблина,0.805494444,-66.005358333
Америка,Pichincha Volcano,-0.177222222,-78.598888888
Америка,Mount Alvernia,24.294166666,-75.408333333
Америка,Pacaya,14.380833333,-90.601111111
Америка,Cayambe,0.0239,-77.9888
Америка,Тупунгато,-33.358555555,-69.770416666
Америка,Тупунгато,-33.358555555,-69.770416666
Америка,Aucanquilcha,-21.220833333,-68.468333333
Америка,Calzada,-15.9325,-68.43777778
Америка,Mont Saint-Bruno,45.555,-73.31
Америка,Victoria Peak,16.8,-88.6
Америка,Mount Saint Elias,60.292222222,-140.931388888
Америка,Pico Duarte,19.033055555,-71.005277777
Америка,Mont Mégantic,45.455833333,-71.152777777
Америка,Barbeau Peak,81.914722222,-75.009166666
Америка,Cerro del Cubilete,21.012,-101.369
Америка,Cerro Las Tórtolas,-29.93894444,-69.90730556
Америка,Cerro Las Tórtolas,-29.933333333,-69.9
Америка,Невадо де Колима,19.511388888,-103.618055555
Америка,Гунбьорн,68.9195,-29.898533333
Америка,Cerro General Belgrano,-29.0146,-67.8264
Америка,Mount Redoubt,60.485277777,-152.743055555
Америка,Grouse Mountain,49.38611111,-123.07638889
Америка,Huayna Picchu,-13.1575,-72.547222222
Америка,Tunupa volcano,-19.83,-67.64
Америка,Huayna Potosí,-16.261944444,-68.148888888
Америка,Volcán de Fuego,14.474722222,-90.880833333
Америка,Серо Бонете,-28.018611111,-68.756111111
Америка,Cerro Paranal,-24.627222222,-70.404722222
Америка,Olca,-20.933333333,-68.483333333
Америка,Humboldt peak,8.549661111,-70.996141666
Америка,Sierra Negra,-0.83,-91.17
Америка,Descabezado Grande,-35.583333333,-70.75
Америка,Pico 31 de Março,0.8,-66.0
Америка,Mount Adam,-51.566666666,-60.066666666
Америка,Маунт Сенери,17.635,-63.239166666
Америка,Серо Ел Муерто,-27.0575,-68.483888888
Америка,El Plomo,-33.232777777,-70.212222222
Америка,El Valle,8.58,-80.17
Америка,"El Yunque, Cuba",20.352222222,-74.573888888
Америка,Puracé,2.314166666,-76.394166666
Америка,Umurata,-18.355555555,-69.049722222
Америка,Volcán Wolf,0.033333333,-91.333333333
Америка,Alcedo Volcano,-0.396583,-91.109104
Америка,Tutupaca,-17.02638889,-70.37166667
Америка,Мурурата,-16.530555555,-67.8275
Америка,Christoffelberg,12.336944444,-69.123333333
Америка,Mount Washburn,44.7975,-110.433333333
Америка,Isla Incahuasi,-20.24277778,-67.62527778
Америка,Thor Peak,66.5333,-65.3167
Америка,Mount Hillaby,13.211111111,-59.583333333
Америка,Katahdin,45.904355555,-68.921275
Америка,Nuevo Mundo volcano,-19.774166666,-66.478333333
Америка,Mont Rougemont,45.476666666,-73.054722222
Америка,Alturas de Nique,7.701666666,-77.7275
Америка,Mount Ellinor,47.5215079,-123.2606613
Америка,Mount Ellinor,47.5215079,-123.2606613
Америка,Mount Seymour,49.393333333,-122.944444444
Америка,Pic la Selle,18.366666666,-71.983333333
Америка,Nevado del Plomo,-33.103323,-70.066001
Америка,Nevis Peak,17.152833333,-62.582833333
Америка,Cumbal,0.955833333,-77.883333333
Америка,Pacha Qullu,-18.7947216,-68.30500031
Америка,Middle Teton,43.73,-110.811
Америка,Pedra da Gávea,-22.998055555,-43.284444444
Америка,Grand Teton,43.7412,-110.802
Америка,Cerro Pachón,-30.240705555,-70.736702777
Америка,Monte San Valentin,-46.595,-73.345833333
Америка,Cerro Mogotón,13.7630361,-86.3986118
Америка,Incahuasi,-27.033333333,-68.3
Америка,Monte Pascoal,-16.916666666,-39.266666666
Америка,Wheeler Peak,36.5569,-105.417
Америка,Siula Grande,-10.293313,-76.892595
Америка,Ishpatina Ridge,47.3167,-80.75
Америка,Tata Sabaya,-19.133333333,-68.5
Америка,Mount Blackburn,61.731908333,-143.439297222
Америка,Wila Qullu,-18.7833,-68.8333
Америка,Ch'alla Qullu,-20.05,-68.66666667
Америка,Мармолехо,-33.717129,-69.864514
Америка,Morne Watt,15.307,-61.305
Америка,Mount Moran,43.835277777,-110.776388888
Америка,Tacora,-17.716666666,-69.766666666
Америка,Tacora,-17.716666666,-69.766666666
Америка,Tacora,-17.716666666,-69.766666666
Америка,Mount Paget,-54.440833333,-36.555277777
Америка,Serranía del Aguaragüe,-21.383333333,-63.6
Америка,Serranía del Aguaragüe,-21.057222222,-63.490555555
Америка,Jatun Wila Qullu,-19.40194444,-66.57638889
Америка,Kimsa Chata,-18.382777777,-69.048055555
Америка,Los Patos,-27.301111111,-68.808888888
Америка,Ritacuba Blanco,6.494166666,-72.2975
Америка,Чилес,0.82111111,-77.935
Америка,Sara Sara,-15.323527777,-73.449361111
Америка,Conchagua,13.275,-87.845
Америка,Usulután,13.418888888,-88.470833333
Америка,Moyuta,14.03,-90.1
Америка,Tecuamburro,14.156111111,-90.406944444
Америка,Volcán Darwin,-0.183333333,-91.283333333
Америка,Сан Педро,-21.887777777,-68.391388888
Америка,Раул Бланшар,47.3167,-70.8333
Америка,Payun Matru,-36.42,-69.2
Америка,Kimsa Chata,-16.71666667,-68.7
Америка,Solimana,-15.41,-72.893111111
Америка,Kimsa Chata,-18.88333333,-68.85
Америка,Aguas Calientes,-23.368333333,-67.685
Америка,Ticsani,-16.7675,-70.5997
Америка,Q2861446,-24.416944,-67.9875
Америка,Ata volcano,-27.1819,-68.5762
Америка,Salín,-24.3317,-68.0639
Америка,Bottleneck Peak and Moon,39.0603,-110.688
Америка,Pico do Barbado,-13.3,-41.9
Америка,Caichinque,-23.95,-67.733333333
Америка,Cerro Daudet,-50.79,-73.07
Америка,Cerro Daudet,-50.7892,-73.0708
Америка,Cerro Jaua,4.7555,-64.5075
Америка,Q2946759,-17.8094,-64.4769
Америка,Cerro Socopó,10.473,-70.8035
Америка,Cerro Socopó,10.4872,-70.8
Америка,Peak Pantojo,-40.768164,-71.94312215
Америка,Cerro Negro de Mayasquer,0.8275,-77.964444444
Америка,Cerro Soroche,-2.3325,-78.543
Америка,"Chameau, les Saintes",15.85833333,-61.59583333
Америка,Santa Isabel,4.81666667,-75.36666667
Америка,Copiapó volcano,-27.3056,-69.1317
Америка,Copiapó volcano,-27.30583333,-69.13083333
Америка,Cordón de Puntas Negras,-23.742777777,-67.534166666
Америка,Sotará,2.108055555,-76.591944444
Америка,Hualca Hualca,-15.720277777,-71.860555555
Америка,Uyarani,-18.4725,-68.6553
Америка,Asu Asuni,-18.21666667,-68.51666667
Америка,Cerro Autana,4.855029,-67.449737
Америка,Pico do Jabre,-7.25,-37.383333333
Америка,Q2191738,6.45,-72.283333333
Америка,Mount Andromeda,52.173888888,-117.236111111
Америка,Mont Saint-Grégoire,45.3581,-73.1522
Америка,Morro do Pico,-3.844805555,-32.421805555
Америка,Q2245374,-22.4625,-43.02417
Америка,Сиера Негра,18.983333333,-97.316666666
Америка,Jitiri,-18.21666667,-68.8
Америка,Monte Caburaí,5.272222,-60.211944
Америка,Mount Maria,-51.6,-59.594
Америка,Ptarí Tepuy,5.7668839,-61.810655
Америка,Pedra da Mina,-22.42825,-44.84305
Америка,Kukenán Tepuy,5.2016469,-60.828209
Америка,Nevado El Cisne,4.843055555,-75.352222222
Америка,El Totumo,10.74447222,-75.24140278
Америка,Yucamane,-17.18,-70.2
Америка,Pico das Agulhas Negras,-22.379722222,-44.661111111
Америка,Mount Ayanganna,5.383333333,-59.983333333
Америка,Mont Bellevue,45.3803,-71.9142
Америка,Nevados de Chillán,-36.863333333,-71.376666666
Америка,Piedra del Cocuy,1.23694,-66.81995
Америка,Сан Хосе,-33.781666666,-69.897222222
Америка,Bufa,22.77784,-102.5648
Америка,Bufa,22.7772,-102.562
Америка,Pico do Jaraguá,-23.459338888,-46.767391666
Америка,Kuntur Chukuña,-19.91666667,-66.51666667
Америка,Crocus Hill,18.211944444,-63.070555555
Америка,Crown Mountain,18.35722222,-64.97472222
Америка,Tecapa,13.494,-88.502
Америка,Pico Paraná,-25.252724,-48.808755
Америка,Lautaro,-49.019,-73.504
Америка,Coatepeque Caldera,13.87,-89.55
Америка,Pico Piedras Blancas,8.858833333,-70.951666666
Америка,Upuigma Tepuy,5.0863207,-61.9561543
Америка,Morne de la Grande Montagne,47.046944444,-56.306388888
Америка,Morne du Vitet,17.899166666,-62.806388888
Америка,Suchitan,14.333333333,-89.78
Америка,Volcán Huequi,-42.376666666,-72.578055555
Америка,Volcán Huequi,-42.36333,-72.57472
Америка,Guayaques,-22.898083333,-67.567777777
Америка,Linzor,-22.15,-67.96667
Америка,Linzor,-22.15,-67.966666666
Америка,Monte San Lorenzo,-47.591666666,-72.306666666
Америка,Morro da Igreja,-28.125,-49.474444444
Америка,Melimoyu,-44.075833333,-72.86
Америка,Cerro Macá,-45.105833333,-73.169166666
Америка,Volcán Ipala,14.55,-89.63
Америка,Palomo,-34.607777777,-70.295
Америка,Ixtepeque,14.42,-89.68
Америка,Miñiques Volcano,-23.816666666,-67.766666666
Америка,Mocho-Choshuenco,-39.921889,-72.03323364
Америка,Q3193672,-16.171388888,-68.213333333
Америка,Ел Хоруйо,18.972,-101.718
Америка,Mount Tapochau,15.18888889,145.74305556
Америка,Mount Worsley,-54.183333333,-37.15
Америка,Mount Albert,48.9214,-66.1949
Америка,Mont Bélair,46.8231,-71.4939
Америка,Monte Olivia,-54.765,-68.215
Америка,Monte Olivia,-54.7497,-68.1738
Америка,Mount Paterson,-54.65,-36.133333333
Америка,Mont Sainte-Claire,48.4075,-71.0842
Америка,Mount Sugartop,-54.366666666,-36.633333333
Америка,"Morel, les Saintes",15.87583333,-61.57416667
Америка,Morne du Cibao,18.357,-72.259
Америка,Kimsa Chata,-18.10972222,-67.66222222
Америка,Coffin Top,-54.5,-36.1
Америка,Colonel Bob,47.4883453,-123.7463557
Америка,Conejos Peak,37.288611111,-106.570833333
Америка,Copestake Peak,-54.25,-36.7667
Америка,Coronda Peak,-54.1167,-36.6833
Америка,Coñocranra,-8.843055555,-78.006388888
Америка,Cuyamaca Peak,32.9467,-116.606
Америка,Gazella Peak,-54.0,-38.05
Америка,Dientes de Navarino,-55.02,-67.65
Америка,Dixon Peak,-54.05,-38.0167
Америка,Atherton Peak,-54.116666666,-36.75
Америка,Best Peak,-54.1167,-36.8167
Америка,Kunturiri (Sajama),-18.04833333,-68.15583333
Америка,Binary Peaks,-54.4833,-36.0833
Америка,Binnie Peaks,-54.05,-37.8667
Америка,Blue Whale Mountain,-54.0667,-37.0333
Америка,Bomford Peak,-54.133333333,-37.633333333
Америка,Cerro Paniri,-22.059166666,-68.228333333
Америка,Cerro de la Muerte,9.56666667,-83.75
Америка,Chicabal,14.783333333,-91.666666666
Америка,Nevado de Cachi,-24.933333333,-66.383333333
Америка,Nevado de Cachi,-24.84454,-66.4162
Америка,Admiralty Peak,-54.216666666,-36.833333333
Америка,Ajo Peak,32.335613888,-112.906544444
Америка,Alto Toroni,-19.752222222,-68.704722222
Америка,Alto Toroni,-19.75,-68.7
Америка,Aparamán Tepuy,5.8869465,-62.1306593
Америка,Araopán Tepuy,5.4397611,-62.3939438
Америка,Grand Bonhomme,13.233333333,-61.233333333
Америка,Harper Peak,-54.1167,-36.75
Америка,Harper Peak,-54.11666667,-36.75
Америка,Q5674083,-36.8667,-71.3667
Америка,Huaytapallana,-11.586388888,-74.820833333
Америка,Hay Peak,-54.0667,-37.1667
Америка,El Ermitaño,-26.786944444,-68.603333333
Америка,El Tucuche,10.733333333,-61.416666666
Америка,Пунтиагудо,-16.8178,-67.505
Америка,Ellerbeck Peak,-54.383333333,-36.316666666
Америка,Sandersons Hope,72.703888888,-56.063888888
Америка,Cerro San Miguel,-19.2978,-60.6425
Америка,Cerro San Miguel,-19.316666666,-60.6
Америка,Ferguson Peak,-54.7833,-35.8333
Америка,Brocken,-54.4833,-36.0667
Америка,Brocken,-54.48333333,-36.06666667
Америка,Pic Paradis,18.075277777,-63.06
Америка,Illimani,-19.63333333,-65.65
Америка,Tramen Tepuy,5.4050172,-61.0055934
Америка,Inacaliri,-21.98,-68.07
Америка,Morro do Voturuá,-23.966666666,-46.366666666
Америка,Morro do Voturuá,-23.966666666,-46.366666666
Америка,Callangate,-13.74319783,-71.137118
Америка,Camp Peak,-54.2333,-36.5333
Америка,Carcelles Peak,-54.3667,-36.5
Америка,Qarwapunta,-8.95,-77.95
Америка,Caribou Mountain,45.4297,-70.6231
Америка,Carrao Tepuy,5.7922974,-61.7698408
Америка,Cerro Alto Mountain,31.945277777,-105.97
Америка,Cerro Araral,-21.6,-68.183333333
Америка,Cerro Avispa,1.33611111,-65.87888889
Америка,Cerro Cañapa,-21.45,-68.06666667
Америка,Cerro Cedral,9.88333333,-84.18333333
Америка,Cerro Colorado,-22.59233333,-67.92216667
Америка,Cerro Duida,3.51333333,-65.62611111
Америка,Cerro Echandi,9.030805555,-82.819741666
Америка,Cerro El Toro,-29.13,-69.786666666
Америка,Cerro Kamuk,9.283333333,-83.033333333
Америка,Cerro La Campana,-32.953611111,-71.119444444
Америка,Cerro Las Tetas,18.093333333,-66.231388888
Америка,Cerro Las Tetas,18.093333333,-66.231388888
Америка,Cerro Maravilla,18.1531,-66.5542
Америка,Cerro Provincia,-33.426944444,-70.434444444
Америка,Cerro Rabo de Mico,9.85,-84.13
Америка,Cerro Steffen,-48.550833333,-73.148888888
Америка,Cerro Toco,-22.939933333,-67.780266666
Америка,Cerro Tristeza,10.08416667,-63.95833333
Америка,Cerro del Bolsón,-27.214166666,-66.094166666
Америка,Cerro del Nacimiento,-27.2783,-68.5247
Америка,Cerro del Nacimiento,-27.280555555,-68.5125
Америка,Cerro del Nacimiento,-27.1957,-68.561
Америка,Ch'aphi Qullu,-20.1,-68.23333333
Америка,Lik'ichiri,-19.46666667,-65.71666667
Америка,Jach'a Kunturiri,-17.98333333,-68.98333333
Америка,Uqi Uqini,-18.323055555,-69.038055555
Америка,McIlroy Peak,-54.18333333,-36.76666667
Америка,McIlroy Peak,-54.1833,-36.7667
Америка,Mont Jacques-Cartier,48.9874,-65.94842
Америка,Hornopirén,-41.874444444,-72.431388888
Америка,Tikaboo Peak,37.344269444,-115.358863888
Америка,Morne Diablotins,15.503333333,-61.397222222
Америка,Pichu Pichu,-16.441138888,-71.240388888
Америка,Phaq'u Kiwuta,-16.08805556,-68.34555556
Америка,Wila Ch'ankha,-18.4,-66.9333
Америка,Quri Ch'uma,-16.8958,-67.4517
Америка,Wila Qullu,-20.3333,-68.65
Америка,Janq'u Uyu,-16.05,-68.32111111
Америка,K'isi K'isini,-18.233333333,-69.066666666
Америка,Jach'a Ch'ankha,-17.96666667,-66.91666667
Америка,Inka Qhamachu,-18.85444444,-68.21138889
Америка,Nevado Juncal,-33.044444444,-70.086111111
Америка,Mount Obama,17.05,-61.85
Америка,Pico Espejo,8.529166666,-71.063611111
Америка,Mount Owen,43.7469,-110.798
Америка,Nevado San Francisco,-26.918333333,-68.263055555
Америка,Mount McLoughlin,42.444472222,-122.315611111
Америка,La Yeguada,8.47,-80.82
Америка,Chingo,14.12,-89.73
Америка,Chingo,14.1181,-89.7264
Америка,Mount Gimie,13.863611111,-61.011666666
Америка,Almolonga,14.796541666,-91.518694444
Америка,Putana,-22.557302,-67.852834
Америка,Putana,-22.557302,-67.852834
Америка,The Bluff,19.7425,-79.7429
Америка,Blue Hills,21.8,-72.283333333
Америка,Chances Peak,16.711111111,-62.177222222
Америка,Cordillera del Cóndor,-4.0,-78.5
Америка,Q3518259,5.0432,-62.0917
Америка,Yuruaní Tepuy,5.3114005,-60.8630608
Америка,Tolhuaca,-38.315181,-71.64871216
Америка,Del Veladero,-27.9175,-68.9333
Америка,Del Veladero,-27.916666666,-68.916666666
Америка,Pico Bonpland,8.5425,-71.003166666
Америка,Venamo Tepuy,5.9787292,-61.3978243
Америка,Cerro El Morado,-33.729968,-70.063899
Америка,Cerro Rosa,18.177777777,-66.532222222
Америка,Contrahierbas,-9.10611,-77.4903
Америка,Cerro Mohinora,25.95611111,-107.04777778
Америка,Pico El Yunque,18.310555555,-65.791388888
Америка,Monte Guilarte,18.15916667,-66.77694444
Америка,Hualcán,-9.20306,-77.5181
Америка,Mount Deborah,63.6375,-147.237
Америка,Fortuna Peak,-54.1167,-36.7833
Америка,Foxtail Peak,-54.2333,-36.7
Америка,Headland Peak,-54.2667,-36.7167
Америка,Hesse Peak,-54.0333,-38.0
Америка,Cerro Oasis,-50.0139,-73.4439
Америка,Cerro El Café,10.2703,-68.0797
Америка,Q5763020,19.5469,-99.0597
Америка,Cerro Mesa Ahumada,19.901111111,-99.186388888
Америка,Cerro Murallón,-49.789444,-73.451111
Америка,Cerro Piltriquitrón,-41.9833,-71.45
Америка,Cerro San Francisco,-33.857222222,-70.514722222
Америка,Cerro Santa Ana Natural Monument,11.82111111,-69.95
Америка,Cerro del Chiquihuite,19.5328,-99.1306
Америка,Mount Globus,-54.316666666,-37.0
Америка,Mount Grant,-54.25,-37.116666666
Америка,Mount Harmston,49.5489,-125.398
Америка,Ladron Peak,34.4348,-107.0852
Америка,Larssen Peak,-54.3167,-36.7667
Америка,Larvik Cone,-54.3667,-36.8667
Америка,Mills Peak,-74.23333333,163.9
Америка,Monte Bove,-54.8633,-69.0925
Америка,Monte Jayuya,18.167777777,-66.574722222
Америка,Morro do Capão Doce,-26.73333333,-51.43333333
Америка,Hill Blue Ice,-41.8773,-71.6643
Америка,Town Hill,32.316666666,-64.733333333
Америка,Mount Kling,-54.5,-36.3
Америка,Mount Macklin,-54.75,-36.05
Америка,Mount Mair,-54.8167,-36.0333
Америка,Morro da Boa Vista,-27.909444444,-49.321666666
Америка,Mount Alifan,13.380555555,144.671388888
Америка,Mount Antell,-54.1167,-36.7
Америка,Mount Ashley,-54.116666666,-37.35
Америка,Mount Barren,-54.1667,-36.75
Америка,Mount Baume,-54.65,-36.2167
Америка,Mount Brooker,-54.5,-36.233333333
Америка,Mount Burley,-54.4833,-36.15
Америка,Cerro Sororopán,5.6927178,-61.7620117
Америка,Pariacaca,-11.991666666,-75.991666666
Америка,Jatun Kunturiri,-19.71666667,-65.63333333
Америка,Wadaka Piapó Tepuy,5.3156042,-60.9230833
Америка,Mount Edziza volcanic complex,57.5,-130.6
Америка,Mount Sage,18.4,-64.65
Америка,Mount Sage,18.4,-64.65
Америка,Mount Hodges,-54.2667,-36.5333
Америка,Mount Moody,-51.75,-59.75
Америка,Mount Normann,-54.85,-36.066666666
Америка,Mount Cristal,-19.216388888,-43.226666666
Америка,Mount Cunningham,-54.206666666,-37.298055555
Америка,Mount Dow,-54.7,-36.1667
Америка,Mount Duse,-54.2667,-36.4833
Америка,Mount Clara,-54.85,-36.0333
Америка,Qhapaqa,-18.15,-68.366666666
Америка,Massif of Urucum,-19.2,-57.6
Америка,Nevado de Chañi,-24.063333333,-65.745833333
Америка,Mount Robinson,-51.597,-59.925
Америка,Mount Sabatier,-54.816666666,-36.133333333
Америка,Palpana,-21.546666666,-68.5225
Америка,Palpana,-21.5464,-68.5227
Америка,Paulsen Peak,-54.333333333,-36.666666666
Америка,Petrel Peak,-54.2667,-36.5333
Америка,Pico Alto,-4.208333333,-38.974722222
Америка,Pico El León,8.510972222,-71.101
Америка,Pico El Toro,8.5295,-71.091388888
Америка,Pico La Concha,8.554888888,-71.026555555
Америка,Pico Pan de Azúcar,8.810361111,-71.000944444
Америка,Пико Найгуата,10.54333333,-66.7825
Америка,Pico do Monte Negro,-28.616666666,-49.8
Америка,Pico do Roncador,-15.583333333,-48.116666666
Америка,Pico do Papagaio,-7.820272222,-38.056125
Америка,Trendall Crag,-54.8,-35.983333333
Америка,Tres Picachos,18.214722222,-66.541388888
Америка,Twilight Peak,37.663055555,-107.726944444
Америка,Uei-tepui,5.01694,-60.6153
Америка,Mount Fagerli,-54.3333,-36.7167
Америка,Roché Peak,-54.0,-38.033333333
Америка,San Pablo,-21.883888888,-68.3425
Америка,Sentinel Peak,32.2106,-110.992
Америка,Redondo Peak,35.871963888,-106.560577777
Америка,Pirner Peak,-54.5167,-36.0667
Америка,Sierra Velluda,-37.466666666,-71.433333333
Америка,Sierra de Sangra,-48.36666667,-72.35
Америка,Silers Bald,35.565830555,-83.565280555
Америка,Sirk'i,-17.35,-69.4
Америка,Slossarczyk Crag,-54.85,-35.9833
Америка,Smillie Peak,-54.283333333,-36.95
Америка,Sonora Peak,38.3538,-119.635
Америка,Spy Rock,30.8969,-99.15
Америка,Starbuck Peak,-54.7333,-36.2
Америка,Storm Mountain,-51.431,-60.54
Америка,Mount Corneliussen,-54.2833,-36.9667
Америка,Mount Fagan,-54.5,-36.1333
Америка,Fusilier Mountain,-54.4167,-36.25
Америка,Venado Peak,36.791694444,-105.493338888
Америка,Volcán Siete Orejas,14.8148,-91.6177
Америка,Wickham Heights,-51.72,-58.68
Америка,Mount Vaca,38.4002,-122.106
Америка,Santiago Peak,33.7105,-117.534
Америка,Tomasamil,-21.3,-67.9667
Америка,Pedra do Baú,-22.68888889,-45.66138889
Америка,Pedra de São Domingos,-22.691363,-45.959498
Америка,Kuntur Ikiña (Sajama),-18.33333333,-69.0
Америка,Nevado Pastoruri,-9.92917,-77.1908
Америка,Брандарис,12.2667,-68.3833
Америка,Sentry Hill,18.0406,-63.0719
Америка,Cerro Pico Truncado,-46.84436,-68.13302
Америка,Cerro Pico Truncado,-46.8461,-68.1039
Америка,Cerro Tres Picos,-38.15793,-61.95179
Америка,Cerro Tres Picos,-38.1556,-61.95
Америка,Cerro Tololo,-30.166666666,-70.8
Америка,Tunari,-17.286388888,-66.393333333
Америка,Cerro de la Majadita,-30.42,-69.780833333
Америка,Cerro de la Majadita,-30.41667,-69.73333
Америка,Чампара,-8.68722222,-77.78111111
Америка,Mount Fraser,-54.616666666,-36.35
Америка,Cerro Santa Isabel,-21.6666,-66.5
Америка,Justa Peak,-54.1667,-36.5667
Америка,Mount Krokisius,-54.5,-36.05
Америка,Jason Peak,-54.183333333,-36.616666666
Америка,Nordenskjöld Peak,-54.483333333,-36.366666666
Америка,Neighbour Peak,-54.5167,-36.1
Америка,Mount Roots,-54.466666666,-36.4
Америка,Mount Senderens,-54.8333,-36.1167
Америка,Mount Skittle,-54.4,-36.183333333
Америка,Q15616520,18.86609,-97.13275
Америка,Monte Bove,-54.7936,-64.4533
Америка,Morne à Craie,15.85944444,-61.58444444
Америка,Chullkani,-18.31083333,-68.84
Америка,Jinchupalla,-18.6289,-68.6606
Америка,Michina,-22.4389,-67.8875
Америка,Qhawana,-22.07388889,-67.96
Америка,Salluyu,-14.6675,-69.2325
Америка,Suri Phuyu,-22.3858,-67.4906
Америка,Ukilla,-20.8497,-68.1983
Америка,Wisalla,-18.11722222,-68.94416667
Америка,Yaritani,-18.1436,-68.35
Америка,Mount Diablo,37.881697781,-121.914154997
Америка,Pumiri,-18.9975,-68.42833333
Америка,Jatun Q'asa,-17.18611111,-66.45
Америка,Cerro Agassiz,-49.961083905,-73.451352711
Америка,Cerro Congolón,14.187694444,-88.552222222
Америка,Cerro Dos Picos,-42.4396,-71.9275
Америка,Cerro Tasajero,8.0,-72.45
Америка,Cerro Tinte,-22.654722222,-67.013333333
Америка,Ulla Qhaya,-14.9956,-69.0589
Америка,Kiswara,-18.5325,-68.5644
Америка,Chajnantor,-22.985830555,-67.740280555
Америка,Topo El Fogón,10.39382,-67.28136
Америка,Ari Qullu Phujru,-18.4542,-68.9914
Америка,Chachakumani,-18.3294,-68.9717
Америка,Ch'uñawi,-16.305,-67.9878
Америка,Ch'aki Qucha,-19.7356,-65.5917
Америка,Wila Qullu (K'ulta),-19.065,-66.3222
Америка,Laqaya,-16.6686,-68.7189
Америка,Wanaku,-21.3269,-68.0942
Америка,Janq'u K'ark'a,-16.1114,-68.2175
Америка,Phaq'u Q'awa (Sabaya),-18.8178,-68.8019
Америка,Chuqi Q'awa,-16.7233,-68.6386
Америка,Llamp'u,-16.2014,-68.0933
Америка,Mancha,-20.46,-68.3167
Америка,Apachita,-16.7631,-68.5361
Америка,Jaruma,-20.3975,-68.3964
Америка,P'iq'iñ Q'ara,-18.97,-68.8903
Америка,Jisk'a Sallalla,-16.7419,-68.5664
Америка,Sura Qullu,-16.4503,-67.9044
Америка,Patapatani,-16.0086,-68.4208
Америка,Ch'iyar Qullu,-16.4636,-67.9556
Америка,Ch'iyar Qullu,-16.46361111,-67.95555556
Америка,Phujtir Pata Punta,-16.6889,-68.5692
Америка,Wila Willk'i,-17.0117,-67.4608
Америка,Cerro El Plata,-33.015805555,-69.455305555
Америка,Ch'alla Willk'i,-18.1364,-68.2678
Америка,Kusin Ch'utu,-18.1139,-68.3186
Америка,Phasa Willk'i,-18.2403,-68.5419
Америка,Turi Turini,-18.2331,-68.5189
Америка,Laram Q'awa (Pando),-17.2842,-69.4069
Америка,Wayra Lupi Qullu,-17.7858,-69.0222
Америка,Suni Q'awa,-17.8636,-68.97
Америка,Layqa Qullu,-16.6533,-67.7667
Америка,Link'u Link'u,-16.6636,-67.7367
Америка,Pichaqa,-17.8097,-68.8589
Америка,Silla Pata,-16.6767,-67.7603
Америка,Tatitu Qullu,-17.3081,-69.2144
Америка,Ch'uch'u,-15.6978,-68.5944
Америка,Otay Mountain,32.5946,-116.845
Америка,Otay Mountain,32.594722222,-116.843888888
Америка,Alto El Trueno,8.715833333,-70.806666666
Америка,Taypi Qullu (Carangas),-18.96138889,-68.6025
Америка,Tijtin,-20.6742,-67.6672
Америка,Cerrito Toldo,-19.25,-68.65
Америка,Q21793724,-17.9067,-66.9992
Америка,Turini (Ingavi),-16.76972222,-68.48277778
Америка,Turini,-16.80666667,-67.50833333
Америка,Cordillera del Tunari,-17.31667,-66.16667
Америка,Hoyada Ulo,-19.8293,-68.3327
Америка,Q21791891,-22.13333,-66.7
Америка,Wichhu Qullu,-20.29629,-68.58025
Америка,Q21791927,-18.25,-68.21667
Америка,Wila Salla (Bolivia),-19.27888889,-65.97861111
Америка,Wila Willk'i (Cairoma),-16.92,-67.61666667
Америка,Yana Unu,-20.8425,-65.90166667
Америка,Yapu Qullu (Mejillones),-18.88277778,-68.65166667
Америка,Q21794378,-17.1975,-67.815
Америка,Nevado Santa Vera Cruz,-17.058972222,-67.240138888
Америка,Sirk'i,-17.9375,-66.4533
Америка,Cerro Sica Sica,-19.06447,-65.23957
Америка,Silla Q'asa,-19.68729,-65.96263
Америка,Cordillera de Sillillica,-20.13333,-68.75
Америка,Cerro Sillillica de Diego,-20.11667,-68.78333
Америка,Sinijawi,-17.23472222,-69.4225
Америка,Q21794602,-19.1015,-65.4186
Америка,Suni K'ira,-22.00944444,-67.21888889
Америка,Q21794688,-18.29181,-68.4663
Америка,Q21794696,-18.13016,-68.21608
Америка,Q21794713,-18.13333,-66.96667
Америка,Q21794873,-21.62405,-67.94355
Америка,Cerro de Patalani,-19.85,-68.55
Америка,P'iq'iñ Q'ara,-16.78083333,-67.99694444
Америка,Cerro Phia Phia,-20.3508,-67.6683
Америка,P'isaqiri,-18.9567,-68.6747
Америка,Pukara,-16.95138931,-67.91166687
Америка,Qillwani,-15.97666667,-68.39527778
Америка,K'illi Mayu Punta,-19.98033,-65.87945
Америка,Cerro Saxani,-19.13333333,-68.41666667
Америка,Sallani Yapu,-19.61,-67.37027778
Америка,Sanawrya,-22.12333333,-67.54222222
Америка,Lawrani,-17.04722222,-67.64027778
Америка,Liyun Ikiña,-18.27222222,-68.84305556
Америка,Luxsar,-20.99083333,-68.04583333
Америка,Llusk'a,-19.7627,-64.5908
Америка,Luru Mayu,-22.48527778,-67.10583333
Америка,Malla Jaqhi,-17.23416667,-67.77527778
Америка,Millu Jaqhi,-17.22611111,-67.52805556
Америка,Milluni,-19.3864,-65.5481
Америка,Mosetenes Mountain Chain,-16.66667,-66.05
Америка,Wallqayuq Urqu,-19.6243,-64.63032
Америка,Wanaku,-19.67396,-64.64633
Америка,Wari Kunka,-17.21888889,-69.40888889
Америка,Waylla Q'asa,-19.50884,-65.97456
Америка,Wayna Potosí,-18.0483,-68.1558
Америка,Wayra Willk'i,-16.89833333,-67.57
Америка,Wila Apachita,-17.60444444,-66.88222222
Америка,Wila Jaqhi (Bolivia),-17.54138889,-66.80111111
Америка,Wila Qullu Punta,-17.185,-66.3192
Америка,Pico del Indio,-16.66667,-67.8
Америка,Jach'a Ch'uñu Uma,-17.07333333,-67.59388889
Америка,Jach'a K'uchu (Bolivia),-18.25194444,-68.7775
Америка,Janq'u Apachita,-17.10305556,-68.26611111
Америка,Jatun Q'asa,-19.14856,-65.363
Америка,Jilarata,-19.59111111,-67.64444444
Америка,Q21801700,-20.70421,-68.10477
Америка,Q21801758,-18.2117,-66.985
Америка,Qanchis Kancha,-19.94223,-65.86731
Америка,K'illimani,-16.68861111,-67.61333333
Америка,K'uyka,-19.85168,-65.96645
Америка,El Juno,-17.3033,-65.7292
Америка,Cerro Estuqueria,-16.3892,-68.1308
Америка,Cerro Chipapa,-21.0975,-68.2958
Америка,Chuqu Chuquni (Bolivia),-18.89138889,-68.56805556
Америка,Q21803468,-21.50151,-67.79051
Америка,Chullpani,-16.8125,-67.8217
Америка,Chullpani,-17.2,-65.91667
Америка,Chullunkhäni (La Paz),-17.18,-67.83138889
Америка,Chullunkhäni,-19.618,-64.6892
Америка,Ch'usiqani,-18.6097,-65.4159
Америка,Chutinza,-20.9108,-68.5642
Америка,Chuymani,-17.8125,-66.4333
Америка,Quchayuq,-19.3579,-64.68996
Америка,Kunturiri,-20.0651,-64.7507
Америка,Cerro Cohana Pampa,-16.33333,-68.65
Америка,Kunturiri,-19.6008,-65.8703
Америка,Kuntur Qaqa,-19.3442,-65.7008
Америка,Cerro Asalchi,-20.3887,-67.7608
Америка,Azanaques Mountain,-18.9612,-66.7014
Америка,Cerro Bofedal,-20.7017,-68.5317
Америка,Q21804914,-22.58895,-67.61957
Америка,Q21805134,-21.84545,-65.00732
Америка,Qhapaqa (La Paz),-17.40166667,-67.77833333
Америка,Cerro Caquella,-21.4903,-67.9319
Америка,Q21805340,-18.0658,-66.9183
Америка,Chachacomani,-17.3058,-65.8458
Америка,Ch'aki Mayu (Chuquisaca),-19.07416667,-65.37388889
Америка,Q21805570,-21.18889,-67.79991
Америка,Cerro Chela,-20.6683,-68.5008
Америка,Chiwana,-21.10388889,-67.86444444
Америка,Pico Tiatino,-18.46341,-65.07408
Америка,Pequeno Alpamayo,-16.17643,-68.24321
Америка,Mulli Urqu,-19.2593,-65.2984
Америка,P'aqla Urqu,-19.20951,-65.35158
Америка,Chullpa Urqu,-19.18045,-65.36715
Америка,Misk'a Urqu,-19.19269,-65.34893
Америка,Q21806905,-19.10638,-65.34206
Америка,Cerro Churuquella,-19.06409,-65.24817
Америка,Inti Rumi,-19.02704,-65.39147
Америка,Q21806962,-19.01611,-65.39389
Америка,Wayna Chullunkhäni,-18.30833333,-68.8075
Америка,Wichhu Qullu (Sajama),-18.26222222,-68.80111111
Америка,Janq'u Ch'utu,-18.95944444,-68.565
Америка,Churi Qullu (Bolivia),-18.97555556,-68.59333333
Америка,Pallall Qullu,-18.85694444,-68.61416667
Америка,Janq'u Willk'i (Oruro),-18.83944444,-68.64611111
Америка,Chinchillani (Oruro),-18.66388889,-68.63444444
Америка,Cerro Khasiri,-18.80541,-68.63577
Америка,Allqamari,-19.99821,-64.90443
Америка,Cerro Peineta,-50.2292,-73.385
Америка,Cerro Mayo,-50.33670538,-73.313810588
Америка,Cerro Mitre,-50.4323,-72.828
Америка,Cerro Cono,-49.867636111,-73.405163888
Америка,Cerro Doblado,-49.32532,-73.102
Америка,Cerro El Manchao,-28.2564,-66.0386
Америка,Cerro Coihué,-42.134166666,-71.335
Америка,Cerro Cervantes,-50.57,-73.1475
Америка,Cerro Ameghino,-32.6252,-69.9771
Америка,Cerro Bolados,-50.0539253,-73.4616655
Америка,Cerro Bonete,-49.1236,-72.80995
Америка,Cerro Standhardt,-49.28628,-73.09711
Америка,Pukara,-18.9394,-68.5722
Америка,Surikhaua Loma,-17.2592,-68.835
Америка,Monte Carupina,3.48915,-51.630769444
Америка,Cerro Purumekte,5.8076729,-61.3496683
Америка,Cerro Guaiquinima,5.80934,-63.7459
Америка,Q23939233,-34.493111111,-70.528305555
Америка,Sangay volcano,-2.0025,-78.340833333
Америка,Чимборасо,-1.469166666,-78.8175
Америка,Антисана,-0.481388888,-78.140833333
Америка,Michincha,-20.0,-68.0
Америка,La Soufrière,13.333333333,-61.183333333
Америка,Llaima,-38.697407,-71.730445
Америка,Santa María,14.755833333,-91.551944444
Америка,Люляйляко,-24.719722222,-68.536666666
Америка,Серо Ел Кондор,-26.6309,-68.3614
Америка,Cerro Tuzgle,-24.056,-66.479
Америка,Sabancaya,-15.786666666,-71.8575
Америка,Aguilera,-50.284585,-73.66839409
Америка,Mount Saint Catherine,12.162222222,-61.675277777
Америка,Misti,-16.296388888,-71.410555555
Америка,Невадо Мисми,-15.525277777,-71.690833333
Америка,Volcan Baru,8.808,-82.543
Америка,Uturuncu,-22.264488888,-67.186919444
Америка,Истаксиуатъл,19.177995,-98.64183
Америка,Невадо де Толука,19.108761,-99.755608
Америка,Pichincha Volcano,-0.177222222,-78.598888888
Америка,Cayambe,0.0239,-77.9888
Америка,Cabaray,-19.145833333,-68.698333333
Америка,El Altar volcano,-1.664166666,-78.411111111
Америка,Sairecabur,-22.718888888,-67.890555555
Америка,Sairecabur,-22.718888888,-67.890555555
Америка,Калбуко,-41.332777777,-72.611111111
Америка,Carihuairazo volcano,-1.406944444,-78.75
Америка,Villarrica Volcano,-39.42,-71.939166666
Америка,Santa Ana Volcano,13.852777777,-89.63
Америка,Cerro Azul,-35.653333333,-70.760833333
Америка,Cerro del Azufre,-21.783055555,-68.239722222
Америка,Soufrière,16.0438,-61.6634
Америка,Mount Liamuiga,17.366666666,-62.8
Америка,Маунт Сенери,17.635,-63.239166666
Америка,Tutupaca,-17.02638889,-70.37166667
Америка,Tacora,-17.716666666,-69.766666666
Америка,Tacora,-17.716666666,-69.766666666
Америка,Tacora,-17.716666666,-69.766666666
Америка,Morne Diablotins,15.503333333,-61.397222222
Америка,Pichu Pichu,-16.441138888,-71.240388888
Америка,Hualca Hualca,-15.720277777,-71.860555555
Америка,Кофре де Пероте,19.491944444,-97.15
Америка,Auyán Tepuy,5.9008721,-62.5499729
Америка,Mount Saint Catherine,12.162222222,-61.675277777
Америка,Volcán Cerro Negro,12.5078224,-86.7032877
Америка,Тупунгато,-33.358555555,-69.770416666
Америка,Тупунгато,-33.358555555,-69.770416666
Америка,Aprada Tepuy,5.4103248,-62.4477168
Америка,Falso Azufre,-26.8,-68.37
Америка,Falso Azufre,-26.7997,-68.3629
Америка,Soufrière,16.0438,-61.6634
Америка,Маунт Сенери,17.635,-63.239166666
Америка,Cerro Autana,4.855029,-67.449737
Америка,El Peñón de Guatapé,6.2194517,-75.1791552
Америка,Ptarí Tepuy,5.7668839,-61.810655
Америка,Kukenán Tepuy,5.2016469,-60.828209
Америка,Cerro Aracamuni,1.5675,-65.88111111
Америка,Cerro Aracamuni,1.5093,-65.6332
Америка,Cerro Aracamuni,1.63,-65.873
Америка,Upuigma Tepuy,5.0863207,-61.9561543
Америка,Miñiques Volcano,-23.816666666,-67.766666666
Америка,Yuruaní Tepuy,5.3114005,-60.8630608
Америка,Venamo Tepuy,5.9787292,-61.3978243
Америка,Aparamán Tepuy,5.8869465,-62.1306593
Америка,Araopán Tepuy,5.4397611,-62.3939438
Америка,Tramen Tepuy,5.4050172,-61.0055934
Америка,Inacaliri,-21.98,-68.07
Америка,Wadaka Piapó Tepuy,5.3156042,-60.9230833
Америка,Cerro Guaiquinima,5.80934,-63.7459
Америка,Sierra Negra,-0.83,-91.17
Америка,Las Cumbres,-0.37,-91.543333333
Америка,Mount Blackburn,61.731908333,-143.439297222
Америка,Чилес,0.82111111,-77.935
Америка,Sara Sara,-15.323527777,-73.449361111
Америка,Payun Matru,-36.42,-69.2
Америка,Solimana,-15.41,-72.893111111
Америка,Aguas Calientes,-23.368333333,-67.685
Америка,Ticsani,-16.7675,-70.5997
Америка,Caichinque,-23.95,-67.733333333
Америка,Cerro Negro de Mayasquer,0.8275,-77.964444444
Америка,Santa Isabel,4.81666667,-75.36666667
Америка,Copiapó volcano,-27.3056,-69.1317
Америка,Copiapó volcano,-27.30583333,-69.13083333
Америка,Cordón de Puntas Negras,-23.742777777,-67.534166666
Америка,Sacabaya,-18.616666666,-68.75
Америка,Lautaro,-49.019,-73.504
Америка,Miñiques Volcano,-23.816666666,-67.766666666
Америка,Cerro Paniri,-22.059166666,-68.228333333
Америка,Sierra Velluda,-37.466666666,-71.433333333
Америка,Cerro El Centinela,32.621944444,-115.709722222
Америка,Nevado Tres Cruces Central,-27.068638888,-68.786472222
Америка,Alto de Letras,5.050101888,-75.330402194
Америка,Sierra Bermeja,17.998333333,-67.110555555
Америка,Q31840060,-17.300003333,-64.933333333
Америка,Yucamane,-17.18,-70.2
Америка,Q126724800,4.9287491,-75.3238117
Америка,Калбуко,-41.332777777,-72.611111111
Америка,Planchón-Peteroa,-35.2728,-70.5817
Америка,Planchón-Peteroa,-35.2542,-70.5717
Америка,Planchón-Peteroa,-35.24,-70.57
Антарктида,Bridgeman Island,-62.066666666,-56.733333333
Антарктида,Еребус,-77.533333333,167.283333333
Антарктида,Mount Overlord,-73.166666666,164.6
Антарктида,Mount Rittmann,-73.45,165.5
Антарктида,Zurn Peak,-75.733333333,-115.666666666
Антарктида,Ongal Peak,-62.658611111,-60.1175
Антарктида,Mount Steere,-76.7,-117.8
Антарктида,Charles Peak,-79.733333333,-83.183333333
Антарктида,Gaussberg,-66.8,89.183333333
Антарктида,Mount Murphy,-75.3,-110.7
Антарктида,Mount Takahe,-76.3,-112.1
Антарктида,Springer Peak,-79.4,-84.883333333
Антарктида,Mount Morning,-78.50167,163.539163
Антарктида,Mount Morning,-78.366666666,165.016666666
Антарктида,Mount Shinn,-78.463611111,-85.724722222
Антарктида,Mount Ellsworth,-85.75,-161.0
Антарктида,Brown Peak,-67.433333333,164.766666666
Антарктида,Sponholz Peak,-80.133333333,-83.0
Антарктида,Deacon Peak,-62.1,-57.95
Антарктида,Mount Sidley,-77.04,-126.1
Антарктида,Moulder Peak,-80.083333333,-83.033333333
Антарктида,Rullman Peak,-79.216666666,-84.538888888
Антарктида,Courtney Peak,-79.2333,-83.5833
Антарктида,Carnell Peak,-79.466666666,-85.283333333
Антарктида,Mount Terror,-77.516666666,168.533333333
Антарктида,Chappell Peak,-79.95,-82.9
Антарктида,Mount Dallmann,-71.75,10.3
Антарктида,Deacon Hill,-60.56666667,-45.8
Антарктида,Deacon Hill,-60.55266667,-45.79
Антарктида,Olavtoppen,-54.404555555,3.350194444
Антарктида,Mount Berlin,-76.055,-135.825
Антарктида,Håhellerskarvet,-71.95,6.13333
Антарктида,Paulet Island,-63.583333333,-55.783333333
Антарктида,Масив Винсън,-78.525555555,-85.617222222
Антарктида,Еребус,-77.533333333,167.283333333
Антарктида,Mount Siple,-73.433333333,-126.666666666
Антарктида,Edinburgh Hill,-62.5425,-60.0169
Антарктида,Mount Melbourne,-74.333333333,164.7
Антарктида,Beaudoin Peak,-79.8,-81.0
Антарктида,Urban Point,-79.8,-82.0
Антарктида,Bingham Peak,-79.4333,-84.7833
Антарктида,Hessler Peak,-79.616666666,-84.033333333
Антарктида,Hall Peak,-79.4833,-83.75
Антарктида,Eley Peak,-79.638888888,-84.343055555
Антарктида,Mount Fordell,-80.316666666,-82.15
Антарктида,Elvers Peak,-79.866666666,-83.55
Антарктида,Ridge A,-81.5,73.5
Антарктида,Minaret Peak,-80.25,-82.3667
Антарктида,Mount Markham,-82.85,161.35
Антарктида,Mount Markham,-82.85,161.35
Антарктида,Mount Rossman,-79.7833,-82.8
Антарктида,Mount Discovery,-78.366666666,165.016666666
Антарктида,Mount Moulton,-76.05,-135.133333333
Антарктида,Mount Frakes,-76.8,-117.7
Антарктида,Mount Hampton,-76.483333333,-125.8
Антарктида,Kraul Mountains,-73.333333333,-14.166666666
Антарктида,Kraul Mountains,-73.16667,-14.0
Антарктида,Mount Moore,-80.42416667,-97.80833333
Антарктида,Lippert Peak,-79.9833,-81.9333
Антарктида,Maagoe Peak,-79.55,-85.0
Антарктида,Mount Kirkpatrick,-84.333333333,166.416666666
Антарктида,Mount Baxter,-74.372,162.542
Антарктида,Mount Black Prince,-71.78166,168.24583
Антарктида,Mount Capley,-79.533333333,-83.216666666
Антарктида,Mount Dickerson,-84.333333333,167.133333333
Антарктида,Mount Dolence,-79.85,-83.2
Антарктида,Mount Foster,-62.996666666,-62.548611111
Антарктида,Mount Geissel,-80.416666666,-81.783333333
Антарктида,Mount Minto,-71.78666333,168.75
Антарктида,Mount Nansen,-74.55,162.6
Антарктида,Mount Peacock,-72.21667,169.45
Антарктида,Mount Peacock,-72.21666667,169.45
Антарктида,Mount Rodger,-79.7,-83.566666666
Антарктида,Mount Rosenthal,-80.05,-83.25
Антарктида,Mount Royalist,-71.78333333,168.5
Антарктида,Mount Shattuck,-80.433333333,-81.466666666
Антарктида,Mount Simmons,-80.366666666,-81.75
Антарктида,Mount Sporli,-79.544166666,-83.634444444
Антарктида,Mount Vaughan,-85.916666666,-155.833333333
Антарктида,Mount Victor,-72.6,31.26666667
Антарктида,Mount Tyree,-78.411666666,-85.861944444
Антарктида,Mount Waesche,-77.166666666,-126.9
Антарктида,Mount Menzies,-73.5,61.833333333
Антарктида,Navigator Peak,-79.375,-85.8
Антарктида,Pardue Peak,-79.1,-86.516666666
Антарктида,Parrish Peak,-79.9167,-82.0167
Антарктида,Mount Woollard,-80.55,-96.716666666
Антарктида,Mount Bursik,-79.716666666,-84.383333333
Антарктида,Gliozzi Peak,-80.0167,-81.5167
Антарктида,Gneiskopf Peak,-71.933333333,12.116666666
Антарктида,Guarcello Peak,-79.9167,-83.1667
Антарктида,Pierce Peak,-84.86666667,-63.15
Антарктида,Pierce Peak,-84.866,-63.15
Антарктида,Linder Peak,-79.8667,-83.2
Антарктида,Mount Jackson,-71.3833,-63.3667
Антарктида,Mount Jackson,-71.36412,-63.41217
Антарктида,High Nunatak,-80.052777777,-82.618888888
Антарктида,Mount Ajax,-71.8,168.45
Антарктида,Fremouw Peak,-84.2833,164.333
Антарктида,Fremouw Peak,-84.28333,164.33333
Антарктида,Mount Lister,-78.066666666,162.683333333
Антарктида,Pojeta Peak,-79.466666666,-84.683333333
Антарктида,Robinson Peak,-79.3833,-83.9667
Антарктида,Schoeck Peak,-79.8833,-82.85
Антарктида,Seaquist Peak,-79.75,-81.3333
Антарктида,Skelly Peak,-79.371111111,-85.366666666
Антарктида,Strong Peak,-79.933333333,-82.3
Антарктида,Sutton Peak,-79.81666667,-82.56666667
Антарктида,Telerig Nunatak,-62.493055555,-59.925833333
Антарктида,Toney Mountain,-75.8,-115.816666666
Антарктида,Mount William,-64.7833,-63.6833
Антарктида,Mount William,-64.78454,-63.6687
Антарктида,The Pleiades,-72.666666666,165.5
Антарктида,Mount Haddington,-64.216666666,-57.633333333
Антарктида,Mount Bird,-77.266666666,166.75
Антарктида,Mount Codrington,-66.3,52.866666666
Антарктида,Mount Craddock,-78.633333333,-85.2
Антарктида,Mount Epperly,-78.43333,-85.88333
Антарктида,Mount Epperly,-78.45,-85.85
Антарктида,Mount Francais,-64.633333333,-63.45
Антарктида,Mount Fridtjof Nansen,-85.35,-167.55
Антарктида,Mount Fridtjof Nansen,-85.3475,-167.54916667
Антарктида,Mount Gardner,-78.3833,-86.0333
Антарктида,Mount Gardner,-78.405,-85.965
Антарктида,Mount Hope,-83.75,171.0
Антарктида,Mount Hope,-83.51667,171.26667
Антарктида,Mount Joyce,-75.6,160.816666666
Антарктида,Mount Joyce,-75.6,160.817
Антарктида,Mount Kaplan,-84.55,175.316666666
Антарктида,Mount Mackintosh,-74.3333,162.25
Антарктида,Mount Mackintosh,-74.3333,162.25
Антарктида,Mount Marwick,-71.1,163.15
Антарктида,Mount Nivea,-60.5833,-45.4833
Антарктида,Mount Nivea,-60.58042,-45.4793
Антарктида,Mount Shackleton,-65.216666666,-63.933333333
Антарктида,Mount Shackleton,-65.20736,-63.92125
Антарктида,Mount Slaughter,-78.6167,-85.6333
Антарктида,Mount Slaughter,-78.61,-85.62
Антарктида,Mount Terra Nova,-77.5167,167.95
Антарктида,Chernushka Nunatak,-71.5833,12.0167
Антарктида,Chervov Peak,-71.8333,10.55
Антарктида,хълм Честър,-62.6365,-61.0849
Антарктида,Chisel Peak,-67.6667,-67.7
Антарктида,Chopin Hill,-71.6667,-73.8167
Антарктида,Chopin Ridge,-62.15,-58.1333
Антарктида,Chopin Ridge,-62.1457,-58.13221
Антарктида,Christoph Nunatak,-74.8167,-73.7833
Антарктида,Chuan Peak,-77.4833,168.35
Антарктида,Cinder Hill,-77.2667,166.417
Антарктида,Cinder Hill,-77.28333,166.43333
Антарктида,Clark Nunatak,-62.6677,-60.9104
Антарктида,Clark Nunatak,-62.66667,-60.58333
Антарктида,Clarkson Peak,-83.3167,164.567
Антарктида,Claydon Peak,-83.4167,162.05
Антарктида,Clem Nunatak,-78.5167,160.667
Антарктида,Cletrac Peak,-64.3333,-59.6333
Антарктида,Clifford Peak,-64.5667,-62.8833
Антарктида,Clingman Peak,-73.8333,161.2
Антарктида,Cléry Peak,-65.05,-63.9667
Антарктида,Coblentz Peak,-66.1167,-65.1333
Антарктида,Cockscomb Buttress,-60.6167,-45.7
Антарктида,Cockscomb Hill,-62.0833,-58.5
Антарктида,Cockscomb Hill,-62.07378,-58.47363
Антарктида,Cole Peak,-85.75,-136.633
Антарктида,Coleman Peak,-77.4833,167.483
Антарктида,Collins Peak,-72.9667,167.817
Антарктида,Colosseum Ridge,-79.7833,156.333
Антарктида,Coloured Peak,-85.5,-156.333
Антарктида,Conard Peak,-72.3667,167.433
Антарктида,Confluence Cone,-68.9333,-66.6667
Антарктида,Constellation Dome,-81.1,160.217
Антарктида,Contact Peak,-67.7667,-67.4833
Антарктида,Cook Summit,-64.4,-62.4
Антарктида,Cooper Nunatak,-79.75,159.183
Антарктида,Copland Peak,-71.45,-73.2667
Антарктида,Corelli Horn,-70.7,-69.8167
Антарктида,Corner Peak,-63.5833,-58.65
Антарктида,Cornerpost Peak,-71.95,164.667
Антарктида,Coughran Peak,-77.5333,168.883
Антарктида,Court Nunatak,-73.3667,-61.6
Антарктида,Cowie Nunatak,-77.1333,160.367
Антарктида,Cox Nunatak,-82.4333,-50.5667
Антарктида,Crandall Peak,-71.45,168.683
Антарктида,Cranfield Peak,-83.6333,160.9
Антарктида,Cressey Peak,-85.4833,-143.167
Антарктида,Crimson Hill,-62.95,-60.6
Антарктида,Crookes Peak,-66.2333,-65.3
Антарктида,Crosscut Peak,-72.3667,166.317
Антарктида,Crown Peak,-63.5667,-58.55
Антарктида,Crutcher Rock,-74.35,-72.8
Антарктида,Cumulus Mountain,-71.85,5.38333
Антарктида,Cunningham Peak,-79.2667,-86.2
Антарктида,Cushing Peak,-64.1,-62.4167
Антарктида,Cutcliffe Peak,-70.5333,65.2833
Антарктида,D'Urville Monument,-63.4167,-56.3
Антарктида,Dagger Peak,-63.9167,-57.4833
Антарктида,Daggoo Peak,-65.75,-62.3333
Антарктида,Dallmeyer Peak,-64.8833,-62.75
Антарктида,Dalsnuten Peak,-72.6,-3.18333
Антарктида,Dalsnuten Peak,-72.59417,-3.17583
Антарктида,Freshfield Nunatak,-80.4667,-24.8833
Антарктида,Friedmann Peak,-79.85,156.75
Антарктида,Frigga Peak,-66.4167,-64.0
Антарктида,Friis-Baastad Peak,-72.8833,-3.3
Антарктида,Frio Peak,-78.1333,162.867
Антарктида,Frontier Mountain,-72.9833,160.333
Антарктида,Fry Peak,-71.05,-63.6667
Антарктида,Frölich Peak,-65.5333,-63.8
Антарктида,Fuchs Dome,-80.6,-27.8333
Антарктида,Fukushima Peak,-78.5586,-85.5711
Антарктида,Fulcrum,-78.0333,161.117
Антарктида,Fuller Dome,-86.6333,-156.3
Антарктида,Föhn Bastion,-69.5167,-68.6
Антарктида,Gabriel Peak,-65.6,-62.65
Антарктида,Galatos Peak,-71.9667,163.717
Антарктида,Galen Peak,-64.3667,-62.4333
Антарктида,Galicia Peak,-78.5083,-85.7
Антарктида,Galkin Nunatak,-73.45,-65.9167
Антарктида,Gallaher Peak,-85.45,-138.3
Антарктида,Gambacorta Peak,-84.0333,-56.05
Антарктида,Gambone Peak,-71.75,164.233
Антарктида,Gap Nunatak,-67.9,62.4833
Антарктида,Gardner Nunatak,-74.4333,-72.7667
Антарктида,Garnet Hill,-60.7333,-45.6333
Антарктида,Garnet Hill,-60.719,-45.617
Антарктида,Gatlin Peak,-70.7833,-63.3
Антарктида,Gawne Nunatak,-76.05,-135.4
Антарктида,Gaylord Nunatak,-74.9333,-72.1333
Антарктида,Geikie Nunatak,-80.4,-25.8667
Антарктида,George Nunatak,-85.5833,-145.433
Антарктида,Gerber Peak,-65.1167,-63.2833
Антарктида,Giannini Peak,-71.0,-62.8333
Антарктида,Gigen Peak,-63.6886,-58.4147
Антарктида,Gilliamsen Peak,-71.85,-70.333333333
Антарктида,Giovanni Peak,-70.033333333,-71.366666666
Антарктида,Giró Nunatak,-82.2167,-42.0333
Антарктида,Giró Nunatak,-82.22145,-41.98283
Антарктида,Giza Peak,-71.3333,-68.2667
Антарктида,Gjelsvik Peak,-85.3167,-168.0
Антарктида,Glen Peak,-66.7667,-67.4
Антарктида,Glen Peak,-60.76667,-67.4
Антарктида,Gless Peak,-72.2,165.85
Антарктида,Gneysovaya Peak,-71.55,12.1667
Антарктида,Goldich Crest,-77.4914,161.674
Антарктида,Goldstream Peak,-86.6833,-148.5
Антарктида,Gomez Nunatak,-73.95,-68.6333
Антарктида,Goodwin Peak,-85.9,-129.183
Антарктида,Gothic Peak,-72.0167,164.8
Антарктида,Gould Peak,-78.1167,-155.25
Антарктида,Gourdon Peak,-65.08904,-63.99616
Антарктида,Gourdon Peak,-65.0833,-64.0
Антарктида,Governor Mountain,-69.7167,158.717
Антарктида,Goward Peak,-69.6,-72.3167
Антарктида,Graben Horn,-71.8,12.0333
Антарктида,Daniels Hill,-70.5667,-64.6
Антарктида,Daniels Hill,-70.54815,-64.52456
Антарктида,Darnell Nunatak,-80.45,155.9
Антарктида,Dartmouth Peak,-80.2,157.683333333
Антарктида,Datum Peak,-77.9667,163.85
Антарктида,Davies Dome,-63.8833,-58.05
Антарктида,Davies Top,-69.4,-64.9333
Антарктида,Davison Peak,-77.8833,164.067
Антарктида,Dawson Peak,-83.8333,162.55
Антарктида,Daykovaya Peak,-71.4667,12.1833
Антарктида,Dayné Peak,-64.9,-63.6
Антарктида,DeGalan Peak,-80.1167,155.917
Антарктида,DeWitt Nunatak,-84.8167,-67.7
Антарктида,Den Hartog Peak,-84.3333,178.867
Антарктида,Dentine Peak,-71.5833,163.733
Антарктида,Depot Nunatak,-77.75,160.067
Антарктида,Derrick Peak,-80.0667,156.383
Антарктида,Deschanel Peak,-68.9167,-67.2333
Антарктида,Detrick Peak,-77.5333,169.1
Антарктида,Devold Peak,-72.25,26.7333
Антарктида,Dewar Nunatak,-67.3333,-68.25
Антарктида,Dibble Peak,-77.483333333,169.05
Антарктида,Dillon Peak,-73.2833,-62.6667
Антарктида,Dimaryp Peak,-63.4333,-57.0333
Антарктида,Dingle Dome,-67.05,48.9
Антарктида,Director Nunatak,-66.8167,-65.1
Антарктида,Dirtbag Nunatak,-85.5333,-144.867
Антарктида,Dobson Dome,-64.0333,-57.9167
Антарктида,Dolan Peak,-85.9333,-133.25
Антарктида,Doll Peak,-80.3,155.1
Антарктида,Dome Nunatak,-77.0167,161.45
Антарктида,Domen Butte,-72.7167,-3.83333
Антарктида,Domen Butte,-72.71667,-3.83333
Антарктида,Doppler Nunatak,-74.85,-71.6833
Антарктида,Dot Peak,-79.7667,159.167
Антарктида,Doublefinger Peak,-76.8833,162.25
Антарктида,Douglas Peak,-66.4,52.4667
Антарктида,Doumer Hill,-64.85,-63.5667
Антарктида,Dovers Peak,-69.7,64.4333
Антарктида,Downham Peak,-64.2833,-58.9
Антарктида,Drabek Peak,-71.0833,166.617
Антарктида,Drake Nunatak,-85.2833,-89.3333
Антарктида,Drune Hill,-71.3167,-68.3167
Антарктида,Du Toit Nunataks,-80.7167,-25.8333
Антарктида,Dufek Mountain,-72.1667,24.75
Антарктида,Duncan Bluff,-79.95,155.96667
Антарктида,Duncan Bluff,-79.95,155.967
Антарктида,Dybvadskog Peak,-79.3167,-86.35
Антарктида,Dykes Peak,-77.2167,161.033
Антарктида,Dyrdal Peak,-83.4167,-51.3833
Антарктида,Atwater Hill,-66.1833,-66.6333
Антарктида,Aughenbaugh Peak,-82.616666666,-52.816666666
Антарктида,Aurora Peak,-67.383333333,144.2
Антарктида,Austhjelmen Peak,-71.7,26.466666666
Антарктида,Austhjelmen Peak,-71.68333,26.6
Антарктида,Aztec Mountain,-77.8,160.516666666
Антарктида,Bailey Ridge,-77.2,-145.033
Антарктида,Baillie Peak,-83.3667,161.0
Антарктида,Baillieu Peak,-67.85,60.7667
Антарктида,Baines Nunatak,-80.3167,-23.9667
Антарктида,Balchen Mountain,-72.0,27.2
Антарктида,Baldwin Peak,-64.3833,-60.75
Антарктида,Ball Peak,-77.5667,162.783
Антарктида,Bamse Mountain,-72.25,22.3
Антарктида,Banded Peak,-85.05,-166.083
Антарктида,Banna Peak,-79.9167,155.05
Антарктида,Barker Peak,-77.5,168.3
Антарктида,Barnes Peak,-84.3833,167.567
Антарктида,Barnum Peak,-85.3833,-171.667
Антарктида,Bartholin Peak,-67.2833,-66.7
Антарктида,Basilica Peak,-70.0333,159.333
Антарктида,Bates Peak,-69.5833,-72.8
Антарктида,Bautaen Peak,-71.9667,25.95
Антарктида,Bayet Peak,-65.0333,-63.0167
Антарктида,Beacon Dome,-86.1333,-146.417
Антарктида,Beagle Peak,-69.6167,-71.6
Антарктида,Beale Peak,-80.3,155.5
Антарктида,Beard Peak,-86.6667,-145.417
Антарктида,Beck Peak,-86.0833,-158.967
Антарктида,Behaim Peak,-68.7833,-66.7167
Антарктида,Bell Peak,-85.3667,-164.233
Антарктида,Benes Peak,-76.0333,-124.117
Антарктида,Bengaard Peak,-83.3167,163.483
Антарктида,Bennett Spires,-83.85,-56.1667
Антарктида,Berg Peak,-71.5333,161.783
Антарктида,Berry Bastion,-80.216666666,157.183333333
Антарктида,Bertalan Peak,-72.0667,167.133
Антарктида,Bessinger Nunatak,-85.0833,-64.6833
Антарктида,Beta Peak,-75.85,160.1
Антарктида,Bettle Peak,-77.7883,163.531
Антарктида,Bildad Peak,-65.8167,-62.6
Антарктида,Binn Peak,-62.7172,-60.4248
Антарктида,Biretta Peak,-73.0667,163.2
Антарктида,Bishop Peak,-78.1667,162.15
Антарктида,Black Thumb,-68.4167,-66.8833
Антарктида,Blackburn Nunatak,-83.8167,-66.2167
Антарктида,Blair Peak,-67.8,62.8833
Антарктида,Blancmange Hill,-64.0,-57.6667
Антарктида,Blizzard Peak,-84.6333,164.133
Антарктида,Block Peak,-85.6833,176.217
Антарктида,Blodwen Peak,-71.3333,-68.3667
Антарктида,Blundell Peak,-69.4,76.1
Антарктида,Blümcke Knoll,-66.8333,-68.0
Антарктида,Boeger Peak,-75.8167,-116.1
Антарктида,Bomb Peak,-77.5333,169.25
Антарктида,Bon Docteur Nunatak,-66.6667,140.017
Антарктида,Botnnuten,-70.4,38.016666666
Антарктида,Una Peaks,-65.1067,-63.9406
Антарктида,Jøkulkyrkja,-71.883333333,6.666666666
Антарктида,Abbott Peak,-77.4333,167.0
Антарктида,Abercrombie Crests,-81.0,160.15
Антарктида,Adams Crest,-80.333333333,155.55
Антарктида,Admiralen Peak,-62.1,-58.5
Антарктида,Ainley Peak,-77.5,169.033333333
Антарктида,Airdrop Peak,-83.75,172.75
Антарктида,Aldi Peak,-80.283333333,154.833333333
Антарктида,Aldridge Peak,-72.45,167.4
Антарктида,Alencar Peak,-65.4,-63.8833
Антарктида,Alexander Peak,-77.4667,-146.8
Антарктида,All Black Peak,-71.8,163.95
Антарктида,Allen Knoll,-63.6667,-58.5833
Антарктида,Allen Peak,-77.5667,-86.85
Антарктида,Allowitz Peak,-71.1333,167.65
Антарктида,Altar Mountain,-77.9,160.85
Антарктида,Ambalada Peak,-75.95,158.383
Антарктида,Amphibole Peak,-84.7333,-173.433
Антарктида,Anders Peak,-71.75,9.01667
Антарктида,Anderson Dome,-73.5,-93.9
Антарктида,Anderson Pyramid,-70.7667,159.933
Антарктида,Anderson Summit,-85.05,-90.8833
Антарктида,Andersson Peak,-64.8667,-61.0333
Антарктида,Andrews Peak,-72.2833,165.417
Антарктида,Anemometer Hill,-68.1833,-67.0
Антарктида,Anemometer Hill,-68.18769,-66.99376
Антарктида,Angle Peak,-71.75,-62.05
Антарктида,Annexstad Peak,-76.6833,-125.867
Антарктида,Anvil Crag,-62.2,-58.4833
Антарктида,Anvil Crag,-62.1917,-58.4833
Антарктида,Apollo Peak,-77.5,160.8
Антарктида,Archer Peak,-71.894,171.167
Антарктида,Arctowski Peak,-73.733333333,-61.466666666
Антарктида,Armstrong Peak,-66.4,53.3833
Антарктида,Asher Peak,-75.7333,-129.183
Антарктида,Astarte Horn,-71.666666666,-68.866666666
Антарктида,Granitnaya Mountain,-72.1333,11.6333
Антарктида,Graphite Peak,-85.05,172.75
Антарктида,Graser Nunatak,-74.9167,-70.2
Антарктида,Gray Peak,-84.3333,173.933
Антарктида,Greaves Peak,-62.4542,-59.9894
Антарктида,Greegor Peak,-76.8833,-145.233
Антарктида,Green Nunatak,-81.1167,156.567
Антарктида,Greenshields Peak,-65.6667,-64.3667
Антарктида,Griffith Peak,-85.7833,-131.517
Антарктида,Grigg Peak,-71.4333,167.15
Антарктида,Grootes Peak,-78.05,161.6
Антарктида,Grossenbacher Nunatak,-74.8667,-74.0167
Антарктида,Guardian Nunatak,-83.8167,173.233
Антарктида,Gulliver Nunatak,-66.2,-62.6667
Антарктида,Gurkha Peak,-77.6586,163.262
Антарктида,Gygra Peak,-71.9667,3.26667
Антарктида,Gygra Peak,-71.96667,3.26667
Антарктида,Habermehl Peak,-71.816666666,6.916666666
Антарктида,Hachinosu Peak,-69.0167,39.5833
Антарктида,Hadley Peak,-85.016666666,-90.666666666
Антарктида,Hag Pike,-68.95,-66.9833
Антарктида,Hageman Peak,-71.716666666,-70.8
Антарктида,Haggerty Hill,-77.95,164.2
Антарктида,Hales Peak,-64.1333,-62.15
Антарктида,Half Black Peak,-71.7833,163.667
Антарктида,Hallam Peak,-77.6483,163.383
Антарктида,Halverson Peak,-71.7833,164.733
Антарктида,Hamartind Peak,-72.55,0.65
Антарктида,Hamer Hill,-64.53556667,-59.59439667
Антарктида,Hamer Hill,-64.5333,-59.5833
Антарктида,Hamner Nunatak,-78.55,157.933
Антарктида,Handler Ridge,-72.5,167.0
Антарктида,Hannah Peak,-82.6,-53.1667
Антарктида,Hansen Nunatak,-74.8,162.333
Антарктида,Hanson Peak,-71.35,170.3
Антарктида,Hardiman Peak,-85.0167,-169.383
Антарктида,Hare Peak,-84.9833,174.283
Антарктида,Hargrave Hill,-64.0167,-60.1833
Антарктида,Harris Peak,-64.6,-61.7833
Антарктида,Harris Peak,-77.5667,162.7
Антарктида,Harrison Peak,-72.4,166.65
Антарктида,Harvey Peak,-79.2167,157.017
Антарктида,Harvey Summit,-78.31444444,162.3025
Антарктида,Haskill Nunatak,-83.4,-51.75
Антарктида,Mount Weller,-67.28333,50.66667
Антарктида,Mount Weller,-67.2833,50.6667
Антарктида,Hauron Peak,-64.9333,-62.9833
Антарктида,Haven Mountain,-80.0333,155.2
Антарктида,Haverly Peak,-65.1,-63.55
Антарктида,Hayes Peak,-67.4667,60.7667
Антарктида,Dzema Peak,-85.75,-138.0
Антарктида,Dziura Nunatak,-71.7333,161.25
Антарктида,East Beacon,-77.8333,160.9
Антарктида,East Egerton,-80.8333,158.1
Антарктида,Eaton Nunatak,-75.1667,-72.0
Антарктида,Ebony Wall,-63.9167,-59.15
Антарктида,Edge Rocks,-83.9833,-52.9167
Антарктида,Egil Peak,-72.4,1.3
Антарктида,Egress Peak,-81.4,158.9
Антарктида,Eilefsen Peak,-76.8667,-146.417
Антарктида,Eilers Peak,-80.0667,159.467
Антарктида,Einthoven Hill,-64.2333,-62.15
Антарктида,Eisner Peak,-68.8333,-65.75
Антарктида,Ekho Mountain,-71.4667,15.4333
Антарктида,El Pulgar,-71.48333,161.76667
Антарктида,El Pulgar,-71.4833,161.767
Антарктида,Elbow Peak,-83.5333,-56.6167
Антарктида,Eld Peak,-69.3333,157.2
Антарктида,Elder Peak,-81.1167,157.333
Антарктида,Elliott Nunatak,-85.2667,-89.7167
Антарктида,Elmers Nunatak,-83.9667,-55.4167
Антарктида,Emerald Nunatak,-69.65,-69.9833
Антарктида,Engebretson Peak,-78.133333333,162.45
Антарктида,England Peak,-82.6167,-52.8167
Антарктида,Enigma Peak,-69.5667,-72.7333
Антарктида,Erehwon Nunatak,-74.5167,-76.6833
Антарктида,Escalade Peak,-78.6333,159.367
Антарктида,Espenschied Nunatak,-73.5833,-77.8667
Антарктида,Esser Hill,-77.9333,164.083
Антарктида,Esther Nunatak,-61.95,-57.8333
Антарктида,Evans Butte,-85.9167,-145.267
Антарктида,Evans Butte,-85.91667,-145.26667
Антарктида,Evans Peak,-78.2833,-85.9667
Антарктида,Evlogi Peak,-62.988333333,-62.54
Антарктида,Exile Nunatak,-70.316666666,-71.266666666
Антарктида,Fadden Peak,-85.4833,-142.717
Антарктида,Fairchild Peak,-83.8667,165.683
Антарктида,Farman Nunatak,-64.4167,-61.1167
Антарктида,Farquharson Nunatak,-64.5,-59.7
Антарктида,Fasettfjellet,-72.55,-2.98333
Антарктида,Faulkner Nunatak,-69.6,-71.7
Антарктида,Feeley Peak,-85.4333,-126.433
Антарктида,Feeney Peak,-85.6167,-155.833
Антарктида,Felder Peak,-79.55,157.0
Антарктида,Fernette Peak,-85.5833,-176.967
Антарктида,Ferrell Nunatak,-83.9,-54.8833
Антарктида,Fidase Peak,-63.3833,-57.55
Антарктида,Fiebelman Nunatak,-74.95,-72.6167
Антарктида,Fierle Peak,-83.4167,-50.9667
Антарктида,Figaro Nunatak,-70.1167,-70.7333
Антарктида,Fin Nunatak,-69.05,-64.05
Антарктида,Final Rock,-84.15,-56.1667
Антарктида,Fingeren Peak,-72.6333,-3.78333
Антарктида,Fischer Nunatak,-67.7333,63.05
Антарктида,Borchgrevink Nunatak,-66.05,-62.5
Антарктида,Boreas Peak,-69.6333,-68.3333
Антарктида,Borg Bastion,-78.1667,162.483
Антарктида,Borg Mountain,-72.5333,-3.5
Антарктида,Borowski Peak,-80.1833,159.217
Антарктида,Boss Peak,-71.8667,166.25
Антарктида,Botnfjellet Mountain,-71.75,11.4167
Антарктида,Boulton Peak,-64.1,-60.7
Антарктида,Bounty Nunatak,-71.6167,159.983
Антарктида,Bowers Peak,-71.75,163.333
Антарктида,Bowyer Butte,-74.9833,-134.75
Антарктида,Boyd Nunatak,-69.8333,74.7333
Антарктида,Bracken Peak,-77.85,-85.4
Антарктида,Bradshaw Peak,-81.05,158.567
Антарктида,Bramble Peak,-72.3667,166.983
Антарктида,Brand Peak,-70.0167,-63.9167
Антарктида,Brattskarvet Mountain,-72.1,1.45
Антарктида,Brazitis Nunatak,-84.9667,-67.3833
Антарктида,Breckinridge Peak,-78.0667,-155.117
Антарктида,Breckinridge Peak,-78.06667,-155.11667
Антарктида,Breidvågnipa Peak,-69.35,39.8
Антарктида,Breplogen Mountain,-71.916666666,5.45
Антарктида,Brewer Peak,-71.5667,168.467
Антарктида,Breyer Mesa,-86.0167,-161.2
Антарктида,Bridwell Peak,-71.9333,166.467
Антарктида,Briesemeister Peak,-69.4667,-62.75
Антарктида,Briggs Peak,-68.9833,-66.7
Антарктида,Brimstone Peak,-61.9188,-57.75049
Антарктида,Brimstone Peak,-61.9167,-57.75
Антарктида,Brimstone Peak,-75.8,158.55
Антарктида,Brodie Peak,-69.4167,-66.0833
Антарктида,Bromley Peak,-77.6333,162.067
Антарктида,Brooks Nunatak,-84.9833,-66.3
Антарктида,Brown Peaks,-85.5833,-158.083
Антарктида,Brown Scarp,-78.0667,161.4
Антарктида,Bråpiggen Peak,-72.9,-3.3
Антарктида,Bucher Peak,-75.3333,-110.867
Антарктида,Buddington Peak,-62.2,-58.8167
Антарктида,Buennagel Peak,-77.5,-146.767
Антарктида,Buggisch Peak,-79.8333,-83.7667
Антарктида,Bulcke Finger,-64.4667,-62.6167
Антарктида,Bullseye Mountain,-83.9167,160.083
Антарктида,Burdick Peak,-62.6333,-60.25
Антарктида,Burkett Nunatak,-72.7,162.233
Антарктида,Burkitt Nunatak,-69.7,-66.8833
Антарктида,Burlock Peak,-86.05,-132.333
Антарктида,Burmester Dome,-83.3667,-50.9333
Антарктида,Burney Peak,-62.3167,-58.8667
Антарктида,Butler Rocks,-82.5833,-47.95
Антарктида,Butler Summit,-77.55,161.1
Антарктида,Buttress Nunatak,-78.0167,161.217
Антарктида,Bynon Hill,-62.9167,-60.6
Антарктида,Bystander Nunatak,-71.3333,159.667
Антарктида,Bōzu Peak,-69.4167,39.7833
Антарктида,Cachalot Peak,-65.6333,-62.2667
Антарктида,Caldwell Peak,-77.4833,167.9
Антарктида,Mount Genecand,-66.1,-64.65
Антарктида,Komatsu Nunatak,-71.9167,161.183
Антарктида,Mount Gilbert,-69.2667,-66.2833
Антарктида,Mount Gilbert,-69.26513,-66.26355
Антарктида,Mount Goldring,-66.95,-66.0167
Антарктида,Mount Goldring,-66.94377,-65.98234
Антарктида,Mount Guernsey,-69.3325,-68.26224
Антарктида,Mount Guernsey,-69.3333,-68.2333
Антарктида,Mount Gunter,-68.99258,-66.51101
Антарктида,Mount Gunter,-68.9833,-66.5667
Антарктида,Komsa Mountain,-72.0833,25.35
Антарктида,Mount Haskell,-66.74922,-64.27877
Антарктида,Mount Haskell,-66.75,-64.2667
Антарктида,Mount Hoegh,-64.8333,-62.8
Антарктида,Mount Hoegh,-64.8299,-62.77716
Антарктида,Hoskins Peak,-67.7667,-67.6
Антарктида,Hübl Peak,-64.7167,-62.4833
Антарктида,Mount Hulth,-66.6833,-64.1833
Антарктида,Mount Inverleith,-64.916666666,-62.75
Антарктида,Mount Kennett,-67.05876,-65.2004
Антарктида,Mount Kennett,-67.05,-65.1667
Антарктида,Mount Kershaw,-67.5318,-66.98579
Антарктида,Mount Kershaw,-67.5333,-66.9667
Антарктида,Mount Lagado,-66.00778,-63.30056
Антарктида,Mount Lagado,-66.0,-63.25
Антарктида,Mount Lagally,-67.15,-67.1
Антарктида,Langley Peak,-64.0333,-60.6
Антарктида,Lawson Peak,-66.1833,-65.6
Антарктида,Lens Peak,-66.1333,-65.4
Антарктида,Mount Leo,-69.4833,-67.0
Антарктида,Mount Leo,-69.49826,-66.97319
Антарктида,Liebig Peak,-66.7667,-66.0
Антарктида,Mount Lombard,-64.52384667,-59.67682333
Антарктида,Mount Lombard,-64.5167,-59.6333
Антарктида,Lumiere Peak,-65.3,-64.05
Антарктида,Mount Lupa,-68.42090667,-66.72503333
Антарктида,Mount Lupa,-68.4333,-66.7167
Антарктида,Mount Lyttleton,-66.4,-65.3667
Антарктида,Mount Lyttleton,-66.40015,-65.35805
Антарктида,Maddox Peak,-65.15,-62.8333
Антарктида,Mount Matin,-65.1333,-63.6667
Антарктида,Mount Matin,-65.13625,-63.63042
Антарктида,Matthews Peak,-67.6667,-67.7833
Антарктида,Mount Mayhew,-65.5833,-62.4333
Антарктида,Mount Mayhew,-65.57986,-62.42486
Антарктида,Mount McAllister,-68.76354,-65.88219
Антарктида,Mount McAllister,-68.7333,-65.9
Антарктида,McCarroll Peak,-66.05,-62.7667
Антарктида,McCollum Peak,-65.5333,-64.0333
Антарктида,Medea Dome,-66.1833,-62.05
Антарктида,Mount Medina,-68.45303,-66.23346
Антарктида,Mount Medina,-68.45,-66.25
Антарктида,Mount Metcalfe,-67.9833,-66.95
Антарктида,Mount Metcalfe,-67.96276667,-66.95009333
Антарктида,Mount Mill,-65.25653,-64.05097
Антарктида,Mount Mill,-65.25,-64.05
Антарктида,Moider Peak,-65.9167,-63.15
Антарктида,Mount Morton,-64.40668667,-61.03274667
Антарктида,Mount Morton,-64.4,-61.0167
Антарктида,Mount Nemesis,-68.2,-66.9
Антарктида,Owlshead Peak,-66.3167,-65.8167
Антарктида,Mount Peary,-65.25,-63.8667
Антарктида,Mount Peary,-65.25403,-63.85597
Антарктида,Mount Perchot,-65.7333,-64.1667
Антарктида,Mount Percy,-63.25,-55.8167
Антарктида,Peregrinus Peak,-69.15,-65.8333
Антарктида,Pilcher Peak,-64.3167,-60.8167
Антарктида,Pippin Peaks,-65.65,-62.4667
Антарктида,Pippin Peaks,-65.65,-62.466666666
Антарктида,Mount Ptolemy,-68.55,-65.9667
Антарктида,Pulfrich Peak,-64.6833,-62.4667
Антарктида,Mount Queequeg,-65.65,-62.133333333
Антарктида,Quervain Peak,-67.383333333,-66.65
Антарктида,Kosco Peak,-79.7833,-83.7667
Антарктида,Kouperov Peak,-75.1,-133.8
Антарктида,Kranz Peak,-86.5167,-155.4
Антарктида,Krasheninnikov Peak,-71.6833,12.6667
Антарктида,Krissek Peak,-80.2167,155.95
Антарктида,Hjorth Hill,-77.51666667,163.61666667
Антарктида,Hobbs Peak,-77.88333333,163.91666667
Антарктида,Hoffman Peak,-77.53333333,162.86666667
Антарктида,Hogback Hill,-77.48333333,163.61666667
Антарктида,Holiday Peak,-78.1,163.6
Антарктида,Holmes Summit,-80.6667,-24.6667
Антарктида,Holmes Summit,-80.6629,-24.6677
Антарктида,Holst Peak,-71.3333,-70.1
Антарктида,Horatio Stump,-62.2167,-59.0167
Антарктида,Horatio Stump,-62.21293,-59.00583
Антарктида,Horner Nunatak,-74.2667,-72.75
Антарктида,Horten Peak,-72.0667,3.18333
Антарктида,Houser Peak,-68.3667,-65.55
Антарктида,Howell Peak,-70.9667,160.0
Антарктида,Hub Nunatak,-68.6167,-66.0833
Антарктида,Hughes Bluff,-75.4,162.2
Антарктида,Huldreslottet Mountain,-72.9667,-3.8
Антарктида,Huns Nunatak,-71.4167,-69.0167
Антарктида,Hunt Peak,-67.3,-68.0333
Антарктида,Husky Heights,-84.8833,176.0
Антарктида,Hutt Peak,-76.0167,-132.65
Антарктида,Hutto Peak,-79.2833,-85.8833
Антарктида,Hålisrimen Peak,-72.0167,8.86667
Антарктида,Hålisstonga Peak,-72.0333,8.95
Антарктида,Høgfonna Mountain,-72.75,-3.55
Антарктида,Høgskavlen Mountain,-72.6667,-3.71667
Антарктида,Høgskavlpiggen Peak,-72.65,-3.75
Антарктида,Iapetus Nunatak,-71.6,-70.25
Антарктида,Icefall Nunatak,-78.3,158.63333
Антарктида,Icefall Nunatak,-78.3,158.633333333
Антарктида,Igloo Hill,-64.55,-61.7833
Антарктида,Index Peak,-65.816666666,-64.433333333
Антарктида,Inferno Peak,-72.116666666,165.983333333
Антарктида,Inland Forts,-77.616666666,161.133333333
Антарктида,Inner Crater,-77.533333333,167.166666666
Антарктида,Isakson Nunatak,-74.833333333,-73.7
Антарктида,Ishmael Peak,-65.883333333,-62.416666666
Антарктида,Ivory Pinnacles,-63.833333333,-59.15
Антарктида,Ivory Tower,-85.4667,-142.4
Антарктида,Jabet Peak,-64.816666666,-63.466666666
Антарктида,Jackson Peak,-82.833333333,-53.583333333
Антарктида,Jacobs Peak,-80.066666666,157.766666666
Антарктида,Campbell Crest,-68.5,-65.45
Антарктида,Canada Peak,-77.6167,162.833
Антарктида,Capling Peak,-72.4333,167.133
Антарктида,Carlson Peak,-75.95,-70.55
Антарктида,Carr Crest,-80.6333,159.383
Антарктида,Carter Peak,-70.3167,64.2
Антарктида,Casatelli Peak,-80.3667,155.517
Антарктида,Casatelli Peak,-80.3667,155.517
Антарктида,Castle Peak,-67.0,-65.8833
Антарктида,Catacomb Hill,-78.0667,163.417
Антарктида,Cathedral Crags,-63.0,-60.5667
Антарктида,Cathedral Crags,-62.98953,-60.55152
Антарктида,Celestial Peak,-69.55,158.05
Антарктида,Celsus Peak,-64.4167,-62.4333
Антарктида,Cenotaph Hill,-85.2167,-167.2
Антарктида,Cerberus Peak,-82.0167,158.767
Антарктида,Chaigneau Peak,-65.2167,-64.0167
Антарктида,Chair Peak,-64.7167,-62.7167
Антарктида,Chang Peak,-77.0667,-126.633
Антарктида,Chanute Peak,-63.9333,-59.9667
Антарктида,Chapin Peak,-85.9667,-131.667
Антарктида,Chapin Peak,-85.96667,-131.66667
Антарктида,Chapman Peak,-78.1833,-85.2167
Антарктида,Charpentier Pyramid,-80.2667,-25.6167
Антарктида,Chastain Peak,-85.1667,-94.5833
Антарктида,Cheeks Nunatak,-74.9667,-72.8167
Антарктида,Mariner Hill,-71.85,-68.3333
Антарктида,Markinsenis Peak,-71.58333333,164.48333333
Антарктида,Marks Peak,-76.5,-125.75
Антарктида,Marshall Nunatak,-74.1667,-75.6833
Антарктида,Marshall Peak,-71.15,-61.5333
Антарктида,Martello Tower,-62.1,-58.15
Антарктида,Martello Tower,-62.1,-58.1333
Антарктида,Martin Dome,-83.3,157.2
Антарктида,Martin Peak,-84.3667,-65.35
Антарктида,Mast Hill,-68.1833,-67.0
Антарктида,Mata Taua Peak,-78.11666667,161.95
Антарктида,Matador Mountain,-85.1667,-176.833
Антарктида,Matney Peak,-79.166666666,-86.233333333
Антарктида,Matterhorn,-77.6667,162.45
Антарктида,Mauger Nunatak,-85.7333,176.733
Антарктида,May Peak,-85.95,-132.38333
Антарктида,May Peak,-85.95,-132.383
Антарктида,Maya Mountain,-77.78333333,160.6
Антарктида,McCalman Peak,-63.6167,-57.7833
Антарктида,McDonald Heights,-74.9167,-136.0
Антарктида,McGaw Peak,-75.8667,-140.983
Антарктида,McGinnis Peak,-84.5333,-177.867
Антарктида,Mount Aldaz,-76.05,-124.416666666
Антарктида,Mount Andes,-85.8833,-146.767
Антарктида,Mount Andrews,-85.95,-149.683
Антарктида,McHugo Peak,-69.85,-68.0833
Антарктида,Mount Atwood,-77.266666666,-142.283333333
Антарктида,McKenzie Nunatak,-71.2333,163.417
Антарктида,McKinley Peak,-77.9,-148.3
Антарктида,McKinnis Peak,-69.5667,159.35
Антарктида,McLaughlin Peak,-74.5833,-64.3
Антарктида,McLean Peak,-85.85,-141.583
Антарктида,McNally Peak,-86.5833,-153.4
Антарктида,McPherson Peak,-78.5333,-84.7
Антарктида,Meade Nunatak,-80.383333333,-21.966666666
Антарктида,Mount Avers,-76.483333333,-145.35
Антарктида,Meads Peak,-83.75,-57.133333333
Антарктида,Mechnikov Peak,-71.6167,11.4667
Антарктида,Mount Beazley,-85.85,-142.85
Антарктида,Mount Bitgood,-76.4833,-144.917
Антарктида,Mount Blackburn,-86.2833,-147.267
Антарктида,Mount Blackburn,-86.28333,-147.26667
Антарктида,Mount Blades,-77.1667,-145.25
Антарктида,Mount Bodziony,-74.5667,-111.9
Антарктида,Mount Boennighausen,-75.7833,-132.3
Антарктида,Mount Bowlin,-86.4667,-147.3
Антарктида,Mount Brecher,-85.4,-124.367
Антарктида,Britt Peak,-76.05,-135.117
Антарктида,Mount Burnham,-77.266694444,-142.083
Антарктида,Medusa Peak,-79.6333,157.417
Антарктида,Mefjell Mountain,-72.0833,25.05
Антарктида,Mount Byrd,-77.166666666,-144.633333333
Антарктида,Mount Bursey,-76.0167,-132.633
Антарктида,Mount Carbone,-76.3667,-144.5
Антарктида,Megalestris Hill,-65.1833,-64.1667
Антарктида,Mount Colburn,-74.4167,-132.55
Антарктида,Mount Colburn,-74.41667,-132.55
Антарктида,Mount Colombo,-76.516666666,-144.733333333
Антарктида,Mount Corey,-76.66667,-145.13333
Антарктида,Mount Corey,-76.6667,-145.133
Антарктида,Mount Crabtree,-77.0,-144.967
Антарктида,Mount Crabtree,-77.0,-144.96667
Антарктида,Mount Crow,-77.18416333,-144.08500333
Антарктида,Mount Crow,-77.1833,-144.067
Антарктида,Mount Czegka,-86.35,-148.683
Антарктида,Mount Dane,-76.85,-146.667
Антарктида,Mount Dane,-76.85,-146.66667
Антарктида,Davey Peak,-75.8833,-115.75
Антарктида,Mount Dolber,-77.1167,-145.517
Антарктида,Mount Dolber,-77.11667,-145.51667
Антарктида,Mount Douglass,-77.3333,-145.333
Антарктида,Doumani Peak,-77.1167,-126.05
Антарктида,Mount Doumani,-85.8167,-137.633
Антарктида,Mount Ekblaw,-77.3167,-141.8
Антарктида,Meier Peak,-71.85,168.667
Антарктида,Mount Ferranto,-76.5333,-145.417
Антарктида,Mount Fiedler,-85.55,-140.683
Антарктида,Mount Fonda,-76.9833,-145.25
Антарктида,Mount Fridovich,-85.45,-148.2
Антарктида,Hoinkes Peak,-79.8667,-82.9667
Антарктида,Holt Peak,-79.75,-81.066666666
Антарктида,Hudak Peak,-79.966666666,-81.666666666
Антарктида,Huggler Peak,-79.108333333,-84.705555555
Антарктида,Hurst Peak,-79.566666666,-84.583333333
Антарктида,Windy Peak,-79.21666667,-86.06666667
Антарктида,Kelley Peak,-80.1667,-82.8333
Антарктида,Penguin Island,-62.1,-57.928055555
Антарктида,Mount Twiss,-79.38333,-85.6
Антарктида,Mount Twiss,-79.3833,-85.6
Антарктида,Mount Christmas,-81.9,161.933333333
Антарктида,Mount Irving,-61.283333333,-54.133333333
Антарктида,Mount Irving,-61.283333333,-54.133333333
Антарктида,Mount Irving,-61.27833,-54.13916333
Антарктида,Mount Irving,-61.27833,-54.13916333
Антарктида,Savoia Peak,-64.853333333,-63.426388888
Антарктида,Маунт Андрус,-75.8,-132.3
Антарктида,Landmark Peak,-79.1667,-85.6667
Антарктида,Mount Herschel,-72.2,169.516666666
Антарктида,Mount Scott,-65.15158,-64.04798
Антарктида,Mount Scott,-65.15319,-64.01847
Антарктида,Isachsen Mountain,-72.183333333,26.25
Антарктида,Ulvetanna Peak,-71.855,8.329722222
Антарктида,Fimbulheimen,-72.0,5.5
Антарктида,Mount Zdarsky,-66.083333333,-64.966666666
Антарктида,Mount Rucker,-78.18333333,162.53333333
Антарктида,Genova,-79.863333333,-82.7125
Антарктида,Genova,-79.86333,-82.7125
Антарктида,The Pimple,-77.983333333,162.666666666
Антарктида,Mount Bigo,-65.7667,-64.2833
Антарктида,Mount Cocks,-78.516666666,162.5
Антарктида,Mount Hooker,-78.1,162.7
Антарктида,Mount Huggins,-78.28333,162.48333
Антарктида,Mount Huggins,-78.28333333,162.48333333
Антарктида,Mount Kempe,-78.31666667,162.71666667
Антарктида,Fisher Bastion,-78.35,162.517
Антарктида,Fisher Peak,-75.8667,-68.3833
Антарктида,Flagship Mountain,-76.7167,161.5
Антарктида,Fleming Summit,-84.3333,166.3
Антарктида,Flinders Peak,-69.35,-66.6667
Антарктида,Flogstallen,-72.6,-2.98333
Антарктида,Florence Nunatak,-62.2167,-58.6167
Антарктида,Fogle Peak,-77.95,162.567
Антарктида,Foltz Nunatak,-74.1333,-76.3333
Антарктида,Fomalhaut Nunatak,-70.9667,-66.6667
Антарктида,Football Mountain,-72.5167,169.7
Антарктида,Footscrew Nunatak,-77.9167,160.95
Антарктида,Ford Peak,-75.7167,160.45
Антарктида,Foreman Peak,-85.75,-138.4
Антарктида,Head Peak,-72.16666667,166.18333333
Антарктида,Heathcock Peak,-86.1167,-130.667
Антарктида,Hedin Nunatak,-75.3167,-111.3
Антарктида,Heikampen Peak,-72.46667,0.66667
Антарктида,Heikampen Peak,-72.4667,0.683333
Антарктида,Heinous Peak,-85.9833,-154.917
Антарктида,Heintz Peak,-70.9333,-63.7
Антарктида,Heke Peak,-77.97666667,162.87833333
Антарктида,Helm Peak,-69.4833,-67.8333
Антарктида,Хемус (връх),-62.606111111,-60.220555555
Антарктида,Henderson Pyramid,-78.1,161.45
Антарктида,Hendrickson Peak,-85.9333,-132.817
Антарктида,Hermitage Peak,-81.4333,160.483
Антарктида,Herrin Peak,-79.2667,-85.75
Антарктида,Herrmann Nunatak,-76.25,-143.783
Антарктида,Hesperides Hill,-62.645,-60.370277777
Антарктида,Hinely Nunatak,-74.9333,-70.25
Антарктида,Hinely Nunatak,-74.93776,-70.24273
Антарктида,Hinode Peak,-68.1667,42.5833
Антарктида,Mount Fries,-80.95,156.58333
Антарктида,Mount Fries,-80.95,156.6
Антарктида,Mount Frishman,-71.3333,166.933
Антарктида,Mount Frishman,-71.33333,166.93333
Антарктида,Mount Frosch,-72.76667,167.91667
Антарктида,Mount Frosch,-72.7667,167.917
Антарктида,Mount Frost,-81.1833,158.35
Антарктида,Mount Fuller,-77.8833,162.35
Антарктида,Mount Fukushima,-71.35,35.616666666
Антарктида,Mount Futago,-69.2,39.7333
Антарктида,Mount Fučík,-71.8667,14.4333
Антарктида,Mount Fučík,-71.86667,14.43333
Антарктида,Mount Fyfe,-82.5333,155.167
Антарктида,Mount Gaberlein,-75.06667,162.06667
Антарктида,Mount Gaberlein,-75.0667,162.067
Антарктида,Mount Gardiner,-86.3167,-150.95
Антарктида,Mount Gardiner,-86.31667,-150.95
Антарктида,Mount Gaston de Gerlache,-71.7333,35.8167
Антарктида,Mount Gaudry,-67.5333,-68.6167
Антарктида,Mount Gauss,-76.316666666,162.033333333
Антарктида,Mount Geier,-71.5667,-62.4167
Антарктида,Mount de Gerlache,-74.9833,162.433
Антарктида,Mount de Gerlache,-74.98333,162.43333
Антарктида,Mount Gevers,-85.8333,-158.483
Антарктида,Mount Gillmor,-70.466666666,159.766666666
Антарктида,Mount Gjeita,-68.2,58.2333
Антарктида,Mount Gist,-67.35,98.9
Антарктида,Mount Gist,-67.23333,98.85
Антарктида,Mount Gleadell,-66.95,50.45
Антарктида,Mount Gleaton,-72.1833,168.45
Антарктида,Mount Glowa,-75.45,-73.2833
Антарктида,Mount Glowa,-75.45007,-73.26262
Антарктида,Mount Gobey,-72.9667,165.25
Антарктида,Mount Gobey,-72.96667,165.25
Антарктида,Mount Gniewek,-79.3333,158.917
Антарктида,Mount Goodale,-85.75,-157.717
Антарктида,Mount Goodman,-75.2399,-72.23228
Антарктида,Mount Goodman,-75.2333,-72.2333
Антарктида,Mount Goossens,-71.3167,35.7333
Антарктида,Mount Gorecki,-83.3333,-57.5833
Антарктида,Mount Gorham,-74.05666,-62.01811333
Антарктида,Mount Gorham,-74.05,-62.0667
Антарктида,Mount Gorton,-70.016694444,159.25
Антарктида,Mount Gow,-71.33333,162.66667
Антарктида,Mount Gow,-71.3333,162.667
Антарктида,Mount Gran,-76.98333333,160.96666667
Антарктида,Mount Gran,-76.98333333,160.96666667
Антарктида,Mount Granholm,-71.5667,167.3
Антарктида,Mount Granholm,-71.56667,167.3
Антарктида,Mount Greene,-72.1,168.233
Антарктида,Mount Greene,-72.1,168.23333
Антарктида,Mount Greenfield,-80.7667,-27.6
Антарктида,Mount Greenlee,-84.85,-177.0
Антарктида,Mount Gregory,-82.8667,159.733
Антарктида,Mount Gregory,-82.86667,159.73333
Антарктида,Mount Grendal,-77.5744,162.01
Антарктида,Mount Grieg,-71.56773,-73.18923
Антарктида,Mount Grieg,-71.5667,-73.1667
Антарктида,Mount Griffith,-85.8833,-155.5
Антарктида,Mount Griffiths,-66.48333,54.05
Антарктида,Mount Griffiths,-66.4833,54.05
Антарктида,Mount Grimminger,-73.3,-62.3
Антарктида,Mount Grimminger,-73.30237,-62.27531
Антарктида,Mount Grytøyr,-72.0,4.51667
Антарктида,Mount Gudmundson,-79.2167,157.85
Антарктида,Mount Gudmundson,-79.21667,157.85
Антарктида,Mount Gunner,-83.5333,169.633
Антарктида,Mount Gunner,-83.53333,169.63333
Антарктида,Mount Guyon,-78.4167,158.283
Антарктида,Mount Guyon,-78.41667,158.28333
Антарктида,Mount Guéguen,-65.0667,-64.0
Антарктида,Mount Hahn,-69.292,-70.16671
Антарктида,Mount Hahn,-69.2833,-70.15
Антарктида,Mount Hall,-84.9167,-170.367
Антарктида,Mount Hall,-84.92250333,-170.35333667
Антарктида,Mount Hall,-77.5667,162.6
Антарктида,Mount Hall,-77.56667,162.6
Антарктида,Mount Hancox,-72.6333,166.983
Антарктида,Mount Hansen,-71.4667,12.15
Антарктида,Mount Hansen,-71.46667,12.16667
Антарктида,Mount Helmer Hanssen,-85.9833,-164.467
Антарктида,Mount Harding,-72.9,75.03333
Антарктида,Mount Harding,-72.8833,75.0333
Антарктида,Mount Harker,-77.3,162.083333333
Антарктида,Mount Harkness,-86.0667,-150.6
Антарктида,Mount Harkness,-86.0667,-150.6
Антарктида,Mount Harkness,-86.06667,-150.6
Антарктида,Mount Harkness,-86.06667,-150.6
Антарктида,Mount Harrington,-72.75,168.95
Антарктида,Mount Harrison,-70.38333,159.76667
Антарктида,Mount Harry,-74.23151,-76.62401
Антарктида,Mount Harry,-74.2333,-76.5333
Антарктида,Mount Hart,-72.08333,169.08333
Антарктида,Mount Hart,-72.0833,169.083
Антарктида,Mount Haslop,-80.6,-30.2667
Антарктида,Mount Hassage,-75.85,-72.4833
Антарктида,Mount Hassel,-86.4667,-164.467
Антарктида,Kristin Peak,-77.4333,168.317
Антарктида,Krusha Peak,-78.7064,-85.1425
Антарктида,Kubbestolen Peak,-71.7833,8.9
Антарктида,Kubus Mountain,-71.9833,7.35
Антарктида,Kuhn Nunatak,-84.1,-66.5667
Антарктида,Kutschin Peak,-86.4167,-159.7
Антарктида,Kyle Peak,-72.5667,166.283
Антарктида,Kyrkjeskipet Peak,-71.866666666,6.8
Антарктида,Kåre Bench,-71.4833,12.1667
Антарктида,La Count Mountain,-78.0,161.73333333
Антарктида,Lacroix Nunatak,-66.84444,141.31667
Антарктида,Lacroix Nunatak,-66.85,141.333
Антарктида,Lagrange Peak,-64.4667,-62.4333
Антарктида,Laguna Hill,-62.9333,-60.7
Антарктида,Lamboley Peak,-75.0667,-64.3167
Антарктида,Lamina Peak,-70.5333,-68.75
Антарктида,Lampitt Nunatak,-66.95,-65.7833
Антарктида,Lang Nunatak,-74.1667,-66.4833
Антарктида,Lange Peak,-71.56666667,167.7
Антарктида,Lanyon Peak,-77.25,161.7
Антарктида,Lanz Peak,-77.2833,-86.2833
Антарктида,Larkman Nunatak,-85.7667,179.383
Антарктида,Latino Peak,-72.15,167.55
Антарктида,Lavallee Peak,-72.06666667,164.93333333
Антарктида,Lavris Peak,-76.8167,-125.933
Антарктида,Lawrence Nunatak,-84.8333,-67.0333
Антарктида,Layman Peak,-84.85,179.583
Антарктида,Le Couteur Peak,-72.15,165.98333333
Антарктида,Leach Nunatak,-77.6,-146.417
Антарктида,Lear Spire,-78.0833,161.5
Антарктида,Leininger Peak,-70.5667,-62.25
Антарктида,Lekander Nunatak,-85.0667,-64.4833
Антарктида,Lensink Peak,-71.0667,65.4167
Антарктида,Leslie Hill,-62.56854,-60.20529
Антарктида,Leslie Hill,-62.5667,-60.2
Антарктида,Lettau Peak,-77.95,162.5
Антарктида,Levassor Nunatak,-63.67375,-58.11701
Антарктида,Levassor Nunatak,-63.6667,-58.1167
Антарктида,Левски (връх в Антарктика),-62.6632,-60.1175
Антарктида,Nipple Peak,-64.7833,-63.2833
Антарктида,Lincoln Nunatak,-67.45,-68.7167
Антарктида,Lindqvist Nunatak,-80.65,-20.6333
Антарктида,Lindsay Peak,-84.6167,163.533
Антарктида,Lindstrøm Peak,-86.3,-160.167
Антарктида,Lishness Peak,-78.8833,-84.75
Антарктида,Mount Rendu,-67.4333,-67.0667
Антарктида,Mount Schimansky,-70.83577,-63.79515
Антарктида,Mount Schimansky,-70.8333,-63.8167
Антарктида,Mount Schumacher,-71.91666667,-2.96666667
Антарктида,Mount Schumann,-71.6333,-73.7
Антарктида,Mount Schutz,-69.7667,159.267
Антарктида,Mount Seekopf,-71.28333333,13.7
Антарктида,Mount Sharp,-77.8833,-86.1667
Антарктида,Mount Sheffield,-80.166666666,-25.7
Антарктида,Mount Shelton,-71.683333333,166.8
Антарктида,Mount Shideler,-77.91667,-154.85
Антарктида,Mount Shideler,-77.916666666,-154.85
Антарктида,Mount Shute,-71.833333333,165.783333333
Антарктида,Mount Sinha,-75.06666667,-136.15
Антарктида,Mount Sirius,-84.13333333,163.25
Антарктида,Mount Sirius,-84.13333,163.25
Антарктида,Mount Skidmore,-80.30405,-28.94677
Антарктида,Mount Skidmore,-80.3,-28.9333
Антарктида,Mount Skinner,-84.7667,-171.167
Антарктида,Mount Smith,-76.0525,161.683333055
Антарктида,Mount Smith,-76.0525,161.683333055
Антарктида,Mount Solov'yev,-71.68333333,12.31666667
Антарктида,Mount Southard,-72.1833,159.933
Антарктида,Mount Soza,-71.16666667,162.56666667
Антарктида,Mount Spann,-82.05,-41.35
Антарктида,Mount Speed,-84.5,-176.83333333
Антарктида,Mount Speyer,-78.8667,160.7
Антарктида,Mount Spivey,-69.5167,-69.8333
Антарктида,Mount Staley,-72.33333333,164.68333333
Антарктида,Mount Steep,-78.05,163.85
Антарктида,Mount Stephens,-83.3833,-51.45
Антарктида,Mount Stephens,-83.383,-51.45
Антарктида,Mount Stephenson,-69.816666666,-69.716666666
Антарктида,Mount Stierer,-75.1,162.15
Антарктида,Mount Stonehouse,-84.4,164.4
Антарктида,Mount Storegutt,-66.8833,55.45
Антарктида,Mount Storer,-66.8833,51.0
Антарктида,Mount Strathcona,-67.41667,99.2
Антарктида,Mount Strathcona,-67.366666666,99.183333333
Антарктида,Mount Stroschein,-84.416666666,-63.583333333
Антарктида,Mount Stubberud,-86.116666666,-158.75
Антарктида,Mount Stump,-86.183333333,-153.166666666
Антарктида,Mount Suess,-77.03333333,161.7
Антарктида,Mount Suggs,-75.2667,-72.2167
Антарктида,Mount Suggs,-75.27429,-72.17921
Антарктида,Mount Supernal,-73.066666666,165.7
Антарктида,Mount Sutherland,-77.5,168.46667
Антарктида,Mount Sutherland,-77.5,168.467
Антарктида,Mount Suydam,-84.5333,-65.45
Антарктида,Mount Swadener,-77.2667,-153.75
Антарктида,Mount Swan,-76.96666667,-143.75
Антарктида,Mount Swartley,-77.25,-143.2
Антарктида,Mount Swinford,-77.26667,161.9
Антарктида,Mount Swinford,-77.26666667,161.9
Антарктида,Mount Tadpole,-80.5167,158.683
Антарктида,Mount Talmadge,-78.41666667,162.56666667
Антарктида,Mount Talmadge,-78.41667,162.56667
Антарктида,Mount Tararua,-72.13333333,166.23333333
Антарктида,Mount Tchaikovsky,-71.3833,-73.25
Антарктида,Mount Tchaikovsky,-71.37429,-73.24328
Антарктида,Mount Tedrow,-82.88333333,163.0
Антарктида,Mount Tenniel,-70.3333,-62.8
Антарктида,Mount Theseus,-77.45,162.26666667
Антарктида,Mount Thompson,-70.6667,-62.35
Антарктида,Mount Thompson,-70.6691,-62.32862
Антарктида,Mount Frontz,-85.7667,-131.767
Антарктида,Mount Fulton,-76.88333,-144.9
Антарктида,Mount Fulton,-76.8833,-144.9
Антарктида,Mount Galla,-75.9333,-125.867
Антарктида,Mount Gerdel,-85.9833,-149.317
Антарктида,Mount Gester,-75.0167,-134.8
Антарктида,Mount Gester,-75.01667,-134.8
Антарктида,Mount Getz,-76.55,-145.217
Антарктида,Mount Getz,-76.55,-145.21667
Антарктида,Mount Giles,-75.15666667,-137.61667
Антарктида,Mount Giles,-75.15,-137.617
Антарктида,Mount Gilmour,-76.933333333,-144.666666666
Антарктида,Mount Gjertsen,-86.6667,-148.45
Антарктида,Melcon Peak,-77.45,160.41666667
Антарктида,Mount González,-77.1833,-144.55
Антарктида,Mount González,-77.18333,-144.53083333
Антарктида,Mount Goorhigian,-75.05,-133.767
Антарктида,Mount Grier,-86.6833,-148.95
Антарктида,Mount Hanson,-85.46667,-147.43333
Антарктида,Mount Hanson,-85.4667,-147.433
Антарктида,Mount Hartkopf,-75.9833,-140.75
Антарктида,Mount Herr,-85.75,-149.533
Антарктида,Mount Howe,-87.3667,-149.5
Антарктида,Mount Howe,-87.36667,-149.5
Антарктида,Mount Huckaby,-85.9,-127.05
Антарктида,Menipa Peak,-71.9333,25.1667
Антарктида,Merrem Peak,-76.05,-136.05
Антарктида,Messent Peak,-69.4,-66.2167
Антарктида,Metavolcanic Mountain,-86.2167,-126.25
Антарктида,Mount Jones,-77.2333,-142.183
Антарктида,Mount Jones,-77.28333,-142.0
Антарктида,Mount June,-76.2667,-145.117
Антарктида,Mount June,-76.15,-144.75
Антарктида,Mount Kauffman,-75.6167,-132.417
Антарктида,Mount Kohler,-77.28333,-145.58333
Антарктида,Mount Kohler,-77.2833,-145.583
Антарктида,Mount Kosciusko,-75.7167,-132.217
Антарктида,Mount Kosciusko,-75.71667,-132.21667
Антарктида,Mount Langway,-75.4833,-139.783
Антарктида,Mount LeMasurier,-75.45,-139.65
Антарктида,Linwood Peak,-77.6,-147.217
Антарктида,Mount Lockhart,-76.46667,-145.1
Антарктида,Mount Lockhart,-76.466666666,-145.1
Антарктида,Miharashi Peak,-69.0,39.6167
Антарктида,Mill Mountain,-79.4333,157.867
Антарктида,Millennium Peak,-77.5,167.45
Антарктида,Miller Nunatak,-74.4333,164.25
Антарктида,Mills Peak,-74.23333333,163.9
Антарктида,Mimas Peak,-71.9333,-69.6
Антарктида,Minaret Nunatak,-72.7,162.167
Антарктида,Mirazh Mountain,-71.3,13.4167
Антарктида,Mirny Peak,-69.3333,-72.5667
Антарктида,Misery Peak,-85.5167,-178.267
Антарктида,Mistake Crag,-62.15,-58.1833
Антарктида,Mistake Peak,-77.43333333,160.23333333
Антарктида,Miziya Peak,-62.535555555,-60.164638888
Антарктида,Mogilyane Peak,-63.6869,-58.3836
Антарктида,Molar Peak,-64.6833,-63.3167
Антарктида,Mom Peak,-85.45,173.0
Антарктида,Momchil Peak,-62.536111111,-59.683888888
Антарктида,Moody Peak,-78.3667,158.583
Антарктида,Moore Peak,-77.5167,168.45
Антарктида,Moore Pinnacle,-80.2167,156.817
Антарктида,Moores Peak,-62.6892,-60.3436
Антарктида,Morgan Peak,-75.7833,-68.4
Антарктида,Morrill Peak,-69.65,-72.3
Антарктида,Morris Peak,-84.9333,-167.367
Антарктида,Morriss Peak,-76.8333,-144.483
Антарктида,Mount Thorne,-85.6833,-158.667
Антарктида,Mount Thornton,-73.5667,-77.1167
Антарктида,Mount Thornton,-73.52833,-77.23741
Антарктида,Mount Thrace,-77.5,161.11666667
Антарктида,Mount Tilley,-69.75301,-69.48344
Антарктида,Mount Tilley,-69.75,-69.4833
Антарктида,Mount Titus,-72.25,169.03333333
Антарктида,Mount Toogood,-71.61666667,160.23333333
Антарктида,Mount Tricouni,-78.5,161.95
Антарктида,Mount Trident,-72.43333333,169.23333333
Антарктида,Mount Trimpi,-75.35,-72.8
Антарктида,Mount Trimpi,-75.34473,-72.78233
Антарктида,Mount Tripp,-83.283333333,166.883333333
Антарктида,Mount Tripp,-83.28333,166.88333
Антарктида,Mount Tukotok,-72.28333333,164.71666667
Антарктида,Mount Tyrrell,-69.6333,-69.5167
Антарктида,Mount Tyrrell,-69.63368,-69.51201
Антарктида,Mount Umbriel,-71.6,-68.883333333
Антарктида,Mount Usher,-84.95,172.066666666
Антарктида,Mount VX-6,-72.63333333,162.2
Антарктида,Mount Valikhanov,-71.81666667,12.25
Антарктида,Mount Valinski,-84.53333333,177.5
Антарктида,Mount Van Pelt,-71.25,35.71667
Антарктида,Mount Van Pelt,-71.25,35.7167
Антарктида,Mount Van Valkenburg,-77.31666667,-142.1
Антарктида,Mount Van Veen,-71.58333333,161.9
Антарктида,Mount Van der Hoeven,-71.9,161.416666666
Антарктида,Mount Vance,-75.46667,-139.56667
Антарктида,Mount Vance,-75.46666667,-139.56666667
Антарктида,Mount Vang,-75.83333,-69.25
Антарктида,Mount Vang,-73.433333333,-67.15
Антарктида,Mount Velain,-66.7,-67.7333
Антарктида,Mount Verhaegen,-72.5667,31.1333
Антарктида,Mount Verlautz,-86.7667,-153.0
Антарктида,Mount Virdin,-73.4903,-61.91403333
Антарктида,Mount Virdin,-73.483333333,-61.9
Антарктида,Mount Vito,-85.73333333,-131.5
Антарктида,Mount Wade,-84.85,-174.316666666
Антарктида,Mount Walnum,-72.1,24.1667
Антарктида,Mount Walton,-72.483333333,160.3
Антарктида,Mount Walton,-72.48333,160.3
Антарктида,Mount Wanous,-84.8667,-62.3333
Антарктида,Mount Ward,-71.6,-66.95
Антарктида,Mount Ward,-71.58977,-66.9314
Антарктида,Mount Warden,-86.0,-146.61666667
Антарктида,Mount Warner,-77.09583,-144.02916667
Антарктида,Mount Warner,-77.08333333,-144.0
Антарктида,Mount Wasko,-84.56666667,-176.96666667
Антарктида,Mount Watt,-72.46666667,166.15
Антарктида,Mount Weaver,-86.966666666,-153.833333333
Антарктида,Mount Weaver,-86.966666666,-153.833333333
Антарктида,Mount Weaver,-86.96667,-153.83333
Антарктида,Mount Weaver,-86.96667,-153.83333
Антарктида,Mount Wedel-Jarlsberg,-85.65,-165.133
Антарктида,Mount Wegener,-80.7333,-23.5167
Антарктида,Mount Weininger,-84.7833,-65.5
Антарктида,Mount Weininger,-84.783,-65.5
Антарктида,Mount Wendland,-84.7,-175.3
Антарктида,Mount West,-77.41666667,-145.5
Антарктида,Mount West,-77.42417,-145.45166667
Антарктида,Mount Weston,-80.4667,-29.1667
Антарктида,Mount Weston,-80.45826,-29.17527
Антарктида,Mount Weyant,-77.55,162.7
Антарктида,Mount Whewell,-72.05,169.58333333
Антарктида,Mount Whillans,-84.45,-64.25
Антарктида,Mount Whitcombe,-76.76666667,162.2
Антарктида,Mount Widerøe,-72.133333333,23.5
Антарктида,Mount Wilbye,-69.5,-71.5333
Антарктида,Mount Wild,-64.2,-58.8833
Антарктида,Mount Wild,-64.20584,-58.86893
Антарктида,Mount Wilhelm Christophersen,-85.55,-167.333
Антарктида,Mount Wisting,-86.45,-165.433
Антарктида,Mount Wodzicki,-71.35,163.16666667
Антарктида,Mount Wodzicki,-71.35,163.16667
Антарктида,Mount Wood,-74.8167,158.4
Антарктида,Mount Wood,-74.81667,158.4
Антарктида,Mount Woods,-84.6667,-64.5
Антарктида,Mount Woods,-84.666,-64.5
Антарктида,Mount Woolnough,-76.93333333,161.31666667
Антарктида,Mount Works,-71.25,164.83333333
Антарктида,Mount Young,-84.45,179.8
Антарктида,Mount Zeigler,-77.216666666,-143.05
Антарктида,Kaminski Nunatak,-83.6,-54.2
Антарктида,Kampekalven Mountain,-71.93333,7.76667
Антарктида,Kampekalven Mountain,-71.9333,7.76667
Антарктида,Kamskaya Peak,-71.95,13.4167
Антарктида,Kanak Peak,-79.2667,158.5
Антарктида,Kay Nunatak,-68.6833,-64.6667
Антарктида,Kazanskaya Mountain,-71.9667,13.25
Антарктида,Keim Peak,-70.7333,159.867
Антарктида,Kemp Peak,-67.4333,59.4
Антарктида,Kennedy Peak,-67.2167,99.1833
Антарктида,Kennel Peak,-75.0167,-133.733
Антарктида,Kessens Peak,-86.85,-146.683
Антарктида,Kessler Peak,-83.6167,167.833
Антарктида,Khufu Peak,-71.3333,-68.2667
Антарктида,Killer Nunatak,-71.9,160.467
Антарктида,King Peak,-85.35,-88.2
Антарктида,Kinntanna Peak,-71.8833,8.35
Антарктида,Kinsella Peak,-83.6833,-56.8833
Антарктида,Kinter Nunatak,-74.9167,-71.3167
Антарктида,Kinter Nunatak,-74.91849,-71.3147
Антарктида,Kirchner Peak,-79.9833,159.367
Антарктида,Kivi Peak,-86.3667,-129.65
Антарктида,Kjelbotn Peak,-72.2333,26.5667
Антарктида,Klekowski Crag,-62.1333,-58.5
Антарктида,Klevekåpa Mountain,-72.0333,7.61667
Антарктида,Klevetind Peak,-71.9833,7.61667
Антарктида,Klinck Nunatak,-72.0667,-63.9833
Антарктида,Knallen Peak,-72.2667,-3.93333
Антарктида,Knappen Peak,-69.45,39.6667
Антарктида,Knobhead,-77.9167,161.567
Антарктида,Knott Nunatak,-70.6667,-69.45
Антарктида,Kohler Dome,-76.0333,-134.283
Антарктида,Mount Dater,-67.1333,-64.8167
Антарктида,Mount Dedo,-64.65,-62.55
Антарктида,Mount Demaria,-65.28891,-64.09497
Антарктида,Mount Demaria,-65.2833,-64.1
Антарктида,Mount Denucé,-66.7167,-64.2
Антарктида,Mount Denucé,-66.71906,-64.16001
Антарктида,Mount Dewey,-65.90671,-64.31973
Антарктида,Mount Dewey,-65.9,-64.3167
Антарктида,Mount Dudley,-68.25379333,-66.54899
Антарктида,Mount Dudley,-68.2667,-66.5
Антарктида,Mount Eastman,-65.16618,-62.9852
Антарктида,Mount Eastman,-65.1667,-62.9833
Антарктида,Mount Edgell,-69.4333,-68.2667
Антарктида,Mount Elliott,-64.41965,-60.05082
Антарктида,Mount Elliott,-64.4,-60.0333
Антарктида,Mount Fedallah,-65.7167,-62.8667
Антарктида,Koltermann Peak,-77.4833,160.383
Антарктида,The Fid,-68.66427,-65.93903
Антарктида,The Fid,-68.65,-65.9667
Антарктида,Mount Fourcade,-64.6,-62.5
Антарктида,Mount Fritsche,-66.0,-62.7
Антарктида,Mount Frödin,-64.8333,-62.8333
Антарктида,Mount Frödin,-64.8314,-62.82046
Антарктида,Mount Hollingsworth,-67.25,50.35
Антарктида,Mount Hollingsworth,-67.25,50.36667
Антарктида,Mount Holloway,-84.75,163.6
Антарктида,Mount Holmboe,-77.3333,-86.5833
Антарктида,Mount Holt,-69.4167,-71.7167
Антарктида,Mount Holt,-69.40269,-71.63313
Антарктида,Mount Homard,-80.6667,-29.8333
Антарктида,Mount Hook,-83.3333,-50.0
Антарктида,Mount Hook,-83.333,-50.0
Антарктида,Mount Hope,-69.76667,-64.56667
Антарктида,Mount Hope,-69.759722222,-64.555277777
Антарктида,Mount Hornsby,-64.1969,-59.3453
Антарктида,Mount Hornsby,-64.19966,-59.32478333
Антарктида,Mount Hoskins,-81.8333,159.05
Антарктида,Mount Howard,-75.66666667,161.26666667
Антарктида,Mount Hubble,-80.8667,158.317
Антарктида,Mount Huckle,-69.633333333,-69.8
Антарктида,Mount Huffman,-75.3167,-72.2667
Антарктида,Mount Huffman,-75.31272,-72.25871
Антарктида,Mount Hughes,-79.5167,157.383
Антарктида,Mount Hughes,-79.51667,157.38333
Антарктида,Mount Hulshagen,-72.5167,31.2667
Антарктида,Mount Hulshagen,-72.51667,31.26667
Антарктида,Mount Humble,-67.6667,49.4833
Антарктида,Mount Humphrey Lloyd,-72.3167,169.45
Антарктида,Mount Hunt,-67.1167,144.3
Антарктида,Mount Hunt,-67.10833667,144.30833667
Антарктида,Mount Hunter,-64.0833,-62.4
Антарктида,Mount Hunter,-64.06342,-62.40599
Антарктида,Mount Hussey,-72.7667,167.517
Антарктида,Mount Huxley,-77.85,162.85
Антарктида,Mount Huxley,-77.85,162.86667
Антарктида,Mount Hyatt,-74.8833,-64.7833
Антарктида,Mount Hädrich,-71.95,6.2
Антарктида,Mount Imhotep,-64.35,-62.4
Антарктида,Mount Inderbitzen,-78.816666666,-84.783333333
Антарктида,Mount Innes-Taylor,-86.85,-154.45
Антарктида,Mount Insel,-77.393611111,161.505833333
Антарктида,Mount Irvine,-77.63333,162.26667
Антарктида,Mount Irvine,-77.6333,162.267
Антарктида,Mount Iveagh,-85.066666666,169.633333333
Антарктида,Mount Jamroga,-71.33333333,163.1
Антарктида,Mount Janetschek,-74.9,162.26666667
Антарктида,Mount Jason,-77.4911,161.558
Антарктида,Mount Jennings,-72.5333,166.25
Антарктида,Mount Jensen,-77.13555556,162.44138889
Антарктида,Mount Jensen,-77.13333,162.46667
Антарктида,Mount Jiracek,-73.75750333,163.92333
Антарктида,Mount Jiracek,-73.7667,163.933
Антарктида,Mount Joern,-72.58333333,160.4
Антарктида,Mount Joern,-72.58333,160.4
Антарктида,Mount Jord,-77.51667,162.43333
Антарктида,Mount Jord,-77.51666667,162.45
Антарктида,Mount Judd,-85.06250333,170.38083
Антарктида,Mount Judd,-85.0667,170.433
Антарктида,Mount Jukkola,-71.85,-64.6333
Антарктида,Mount Jumper,-78.2333,-85.6
Антарктида,Mount Kammuri,-69.2167,39.75
Антарктида,Mount Kammuri,-69.21667,39.75
Антарктида,Mount Kane,-73.95823333,-63.01419667
Антарктида,Mount Kane,-73.9667,-62.9833
Антарктида,Mount Kaschak,-84.0333,-56.6667
Антарктида,Mount Kathleen,-83.7667,172.8
Антарктида,Mount Keinath,-74.53333333,163.95
Антарктида,Mount Keith,-70.9,163.31666667
Антарктида,Mount Kelly,-70.78333,164.31667
Антарктида,Mount Kelly,-70.7833,164.317
Антарктида,Mount Keltie,-79.25,159.483
Антарктида,Mount Keltie,-79.25,159.48333
Антарктида,Mount Kendrick,-86.3667,-156.667
Антарктида,Mount Kenney,-84.73333,-175.46667
Антарктида,Mount Kenney,-84.7333,-175.467
Антарктида,Mount Kenyon,-85.1667,-174.867
Антарктида,Mount Keohane,-77.5833,163.0
Антарктида,Mount Kerckhove de Denterghem,-72.6167,31.1333
Антарктида,Mount Khmyznikov,-71.8667,11.65
Антарктида,Mount Kibal'chich,-71.933333333,14.316666666
Антарктида,Mount Kinet,-73.23333,165.9
Антарктида,Mount King,-67.0167,52.8167
Антарктида,Mount King,-67.01667,52.81667
Антарктида,Mount Kinsey,-84.9167,169.3
Антарктида,Mount Kinsey,-84.91667,169.3
Антарктида,Mount Kirkwood,-63.0,-60.65
Антарктида,Mount Kliment Ohridski,-69.517777777,-71.391666666
Антарктида,Mount Kolodkin,-71.75,12.61667
Антарктида,Mount Kolodkin,-71.75,12.6167
Антарктида,Mount Koob,-84.8833,-169.033
Антарктида,Mount Korsch,-82.8667,160.933
Антарктида,Mount Korsch,-82.87000333,160.98166333
Антарктида,Mount Kostka,-70.7,164.81666667
Антарктида,Mount Kosko,-79.15,159.51667
Антарктида,Mount Kosko,-79.15,159.55
Антарктида,Mount Krebs,-84.83333,-170.33333
Антарктида,Mount Krebs,-84.8333,-170.333
Антарктида,Mount Kring,-74.9833,157.9
Антарктида,Mount Kristensen,-86.3333,-159.667
Антарктида,Mount Kyle,-71.95,168.583
Антарктида,Mount Kyle,-71.95,168.58333
Антарктида,Mount Lacroix,-65.05,-63.9667
Антарктида,Roundel Dome,-65.6333,-63.25
Антарктида,Rugg Peak,-66.3167,-65.3833
Антарктида,Mount Searle,-67.81666667,-67.25
Антарктида,Mount Searle,-67.81819,-67.23576667
Антарктида,Mount Shelby,-68.15,-65.833333333
Антарктида,Mount Shelby,-68.13421,-65.81456
Антарктида,Sickle Mountain,-68.883333333,-66.783333333
Антарктида,Slessor Peak,-66.5167,-64.9667
Антарктида,Mount Solus,-68.82337,-65.47654
Антарктида,Spigot Peak,-64.63333333,-62.56666667
Антарктида,Spouter Peak,-65.8167,-62.3833
Антарктида,Statham Peak,-67.6833,-67.7833
Антарктида,Stolze Peak,-64.7167,-62.4333
Антарктида,Mount Theodore,-64.96666667,-62.6
Антарктида,Mount Tholus,-63.2667,-56.0667
Антарктида,Mount Timosthenes,-69.13333333,-65.95
Антарктида,Vanni Peak,-67.0833,-67.1
Антарктида,Mount Vartdal,-66.85,-64.3833
Антарктида,Mount Verne,-67.74514,-67.55236
Антарктида,Mount Verne,-67.66666667,-67.5
Антарктида,Waldeck-Rousseau Peak,-66.15,-65.6333
Антарктида,Mount Waugh,-65.52201,-64.11144
Антарктида,Werner Peak,-68.7167,-65.2333
Антарктида,Mount Wilcox,-67.95,-66.93333333
Антарктида,Mount Wilcox,-67.94881,-66.93275
Антарктида,Mount Wilson,-68.45,-65.55
Антарктида,Yule Peak,-68.516666666,-65.616666666
Антарктида,Mount Zeppelin,-64.45,-61.516666666
Антарктида,Mount Abbs,-70.583333333,66.633333333
Антарктида,Mount Afflick,-70.766666666,66.183333333
Антарктида,Mount Bakker,-70.3167,64.6
Антарктида,Mount Bechervaise,-70.1833,64.8
Антарктида,Mount Bensley,-70.3167,64.25
Антарктида,Mount Bewsher,-70.9,65.4667
Антарктида,Mount Bloomfield,-72.9833,65.6167
Антарктида,Mount Bloomfield,-72.95,65.6
Антарктида,Mount Bool,-70.19222,64.95194
Антарктида,Mount Bool,-70.1833,64.95
Антарктида,Mount Brown-Cooper,-70.7,64.2
Антарктида,Mount Bunt,-70.7667,66.3667
Антарктида,Mount Bunt,-70.76667,66.36667
Антарктида,Mount Canham,-70.50333,64.46083
Антарктида,Mount Canham,-70.4833,64.5833
Антарктида,Mount Cardell,-70.2,65.1833
Антарктида,Mount Coates,-67.86556,62.515
Антарктида,Mount Coates,-67.8667,62.5167
Антарктида,Mount Creighton,-70.41667,65.63333
Антарктида,Mount Creighton,-70.4167,65.65
Антарктида,Mount Cresswell,-72.7319,64.2114
Антарктида,Mount Cresswell,-72.73194,64.22722
Антарктида,Mount Dart,-70.2,65.1167
Антарктида,Mount Dovers,-70.1333,64.9833
Антарктида,Mount Dowie,-70.7,66.0
Антарктида,Mount Dummett,-73.1833,64.0167
Антарктида,Mount Dwyer,-70.18333,65.05
Антарктида,Mount Dwyer,-70.1833,65.0667
Антарктида,Mount Forecast,-70.6667,64.3
Антарктида,Mount Gavaghan,-70.4333,65.45
Антарктида,Mount Gleeson,-71.25,66.15
Антарктида,Mount Hayne,-70.27889,65.03028
Антарктида,Mount Hayne,-70.2667,65.0333
Антарктида,Mount Levick,-74.13333333,163.16666667
Антарктида,Mount Liard,-80.9667,158.85
Антарктида,Mount Liavaag,-77.3667,-86.4833
Антарктида,Mount Limburg Stirum,-72.5667,31.3167
Антарктида,Mount Liptak,-78.75,-84.9
Антарктида,Mount Liptak,-78.75,-84.9
Антарктида,Mount Liotard,-67.6167,-68.5667
Антарктида,Mount Lisicky,-78.45,162.08333
Антарктида,Mount Lisicky,-78.45,162.08333333
Антарктида,Mount Liszt,-71.48333,-72.0
Антарктида,Mount Liszt,-71.4833,-72.0
Антарктида,Mount Littlepage,-77.2,160.03333333
Антарктида,Mount Lloyd,-83.22333667,165.71666333
Антарктида,Mount Lloyd,-83.2167,165.733
Антарктида,Mount Longhurst,-79.433305555,157.3
Антарктида,Mount Longhurst,-79.433305555,157.3
Антарктида,Mount Lopatin,-72.85,168.06667
Антарктида,Mount Lopatin,-72.85,168.067
Антарктида,Mount Lorette,-72.533305555,31.15
Антарктида,Mount Lorius,-72.46666667,162.35
Антарктида,Mount Lowe,-80.53719,-30.30921
Антарктида,Mount Lowe,-80.55,-30.2667
Антарктида,Mount Loweth,-73.45,-93.55
Антарктида,Mount Lowman,-70.65,160.05
Антарктида,Mount Lowry,-84.55,-64.15
Антарктида,Mount Lozen,-72.1167,168.4
Антарктида,Mount Lubbock,-73.2167,169.133
Антарктида,Mount Lubbock,-73.21667,169.13333
Антарктида,Mount Lugering,-71.7,162.95
Антарктида,Mount Lysaght,-82.8167,161.317
Антарктида,Mount Macbain,-83.1,162.3
Антарктида,Mount Macalester,-79.68333,-84.33333
Антарктида,Mount Macalester,-79.6833,-84.3333
Антарктида,Mount Mace,-81.4167,155.883
Антарктида,Mount Machatschek,-66.86962333,-68.09308667
Антарктида,Mount Machatschek,-66.8667,-68.0667
Антарктида,Mount Mackellar,-83.9833,166.65
Антарктида,Mount Macnowski,-74.99931333,-64.93321333
Антарктида,Mount Macnowski,-74.9833,-64.95
Антарктида,Mount Madison,-80.43333,160.16667
Антарктида,Mount Madison,-80.4333,160.167
Антарктида,Mount Maere,-72.533305555,31.283305555
Антарктида,Mount Maglione,-77.3,-141.78333
Антарктида,Mount Maglione,-77.3,-141.783
Антарктида,Mount Mahan,-85.5333,-140.067
Антарктида,Mount Mahan,-85.53333,-140.06667
Антарктида,Mount Mahony,-77.2,161.6
Антарктида,Mount Maines,-66.65,53.9
Антарктида,Mount Mallis,-75.666666666,160.8
Антарктида,Mount Malone,-77.8667,-85.6
Антарктида,Mount Malville,-82.7333,-48.1667
Антарктида,Mount Manke,-85.4667,-144.7
Антарктида,Mount Mangin,-67.43042,-68.45792
Антарктида,Mount Mangin,-67.4167,-68.4333
Антарктида,Mount Mankinen,-73.9,163.1
Антарктида,Mount Mann,-83.2,-49.3333
Антарктида,Mount Mann,-83.2,-49.333
Антарктида,Mount Manthe,-74.7833,-99.35
Антарктида,Mount Marks,-78.7833,160.583
Антарктида,Mount Marquis,-72.4833,-62.5
Антарктида,Mount Marquis,-72.483,-62.5
Антарктида,Mount Marr,-66.4,52.11667
Антарктида,Mount Marr,-66.4,52.1167
Антарктида,Mount Marshall,-84.6833,164.65
Антарктида,Mount Martin,-69.62782,-63.08378667
Антарктида,Mount Martin,-69.6667,-62.9833
Антарктида,Mount Martine,-69.75,-75.0833
Антарктида,Mount Marvel,-78.75,159.367
Антарктида,Mount Marzolf,-70.4667,159.683
Антарктида,Mount Maslen,-67.7,49.1167
Антарктида,Mount Masley,-72.98333333,162.9
Антарктида,Mount Masley,-72.98333,162.9
Антарктида,Mount Massam,-81.7333,158.2
Антарктида,Mount Massell,-72.49583,163.35416667
Антарктида,Mount Massell,-72.48333333,163.35
Антарктида,Mount Mathew,-81.6833,159.95
Антарктида,Mount Matz,-74.7,162.28333333
Антарктида,Mount Matthias,-71.212503055,164.66583
Антарктида,Mount McArthur,-71.1833,-70.3333
Антарктида,Mount McArthur,-71.16619,-70.33657
Антарктида,Mount McCallum,-71.01667,162.75
Антарктида,Mount McCallum,-71.01666667,162.75
Антарктида,Mount McCann,-73.5667,-77.6167
Антарктида,Mount McClung,-77.183305555,-144.433
Антарктида,Mount McCoy,-75.8667,-141.167
Антарктида,Mount McCoy,-75.87583,-140.53666333
Антарктида,Mount McCue,-84.75,-174.683
Антарктида,Mount McDonald,-72.5,166.6
Антарктида,Mount McDonald,-72.5,166.6
Антарктида,Mount McElroy,-74.15,-63.2
Антарктида,Mount McElroy,-74.15185,-63.186730555
Антарктида,Mount McGee,-74.04666667,164.54083333
Антарктида,Mount McGee,-74.05,164.55
Антарктида,Mount McIntosh,-77.516666666,168.683333333
Антарктида,Mount McIntosh,-77.50583667,168.67749667
Антарктида,Mount McKelvey,-85.35,-87.3
Антарктида,Mount McKenny,-71.66667,160.36667
Антарктида,Mount McKenny,-71.66666667,160.36666667
Антарктида,Mount Aaron,-74.516666666,-64.883333333
Антарктида,Mount Aaron,-74.51385,-64.87176
Антарктида,Mount Abbott,-74.7,163.833
Антарктида,Mount Abrams,-75.366666666,-72.45
Антарктида,Mount Absalom,-80.4,-25.4
Антарктида,Mount Achala,-62.916666666,-60.7
Антарктида,Mount Acton,-70.966666666,-63.7
Антарктида,Mount Ader,-64.166666666,-60.483333333
Антарктида,Mount Aeolus,-77.4833,161.267
Антарктида,Mount Ahab,-65.433333333,-62.183333333
Антарктида,Mount Ahab,-65.43375,-62.17783
Антарктида,Mount Alberts,-73.033333333,167.866666666
Антарктида,Mount Alford,-71.9167,161.617
Антарктида,Mount Alibi,-65.9167,-62.6667
Антарктида,Mount Alice Gade,-85.75,-163.667
Антарктида,Mount Allan,-69.9833,-67.75
Антарктида,Mount Allan Thomson,-76.95,161.717
Антарктида,Mount Allen Young,-83.45,166.867
Антарктида,Mount Allo,-63.9667,-61.8
Антарктида,Mount Allsup,-84.0167,159.6
Антарктида,Mount Alpheratz,-70.9833,-66.9667
Антарктида,Mount Andreyev,-71.7667,10.2167
Антарктида,Mount Andreyev,-71.75,10.25
Антарктида,Mount Apolotok,-72.25,164.483
Антарктида,Mount Arcone,-81.7167,161.033
Антарктида,Mount Argus,-68.8833,-63.8667
Антарктида,Mount Ariel,-71.3667,-68.6667
Антарктида,Mount Armagost,-71.6333,166.017
Антарктида,Mount Armytage,-76.0333,160.75
Антарктида,Mount Arronax,-67.6667,-67.3667
Антарктида,Mount Arrowsmith,-76.7667,162.3
Антарктида,Mount Ash,-79.95,156.65
Антарктида,Mount Ashworth,-70.9333,163.083
Антарктида,Mount Askin,-80.1667,157.883
Антарктида,Mount Astor,-86.016666666,-155.5
Антарктида,Mount Athelstan,-70.1667,-69.2667
Антарктида,Mount Atholl,-78.0,163.733333333
Антарктида,Mount Atlas,-72.733333333,165.5
Антарктида,Mount Aurora,-78.233333333,166.35
Антарктида,Mount Austin,-74.8833,-63.1667
Антарктида,Mount Axtell,-81.3,-85.1
Антарктида,Mount Ayres,-79.333333333,156.466666666
Антарктида,Mount Bagshawe,-71.4167,-67.2333
Антарктида,Mount Bailey,-70.0,-63.2167
Антарктида,Mount Bailey,-70.0,-63.21667
Антарктида,Mount Bain,-66.55,-65.4333
Антарктида,Mount Balch,-65.2667,-63.9833
Антарктида,Mount Balch,-65.25464,-63.98094
Антарктида,Mount Balchen,-85.366694444,-166.2
Антарктида,Mount Baleen,-65.6,-62.2
Антарктида,Mount Ballou,-73.2333,163.05
Антарктида,Mount Barr Smith,-67.1667,99.2
Антарктида,Mount Bastion,-77.3167,160.483
Антарктида,Mount Bayonne,-68.9167,-71.05
Антарктида,Mount Bayonne,-68.9133,-70.96641
Антарктида,Mount Bearskin,-78.3333,-85.6167
Антарктида,Mount Becker,-75.1,-72.033333333
Антарктида,Mount Becker,-75.09623,-72.02086
Антарктида,Mount Beddie,-64.4864,-62.717
Антарктида,Mount Beddie,-64.4833,-62.7167
Антарктида,Mount Behling,-85.6667,-161.067
Антарктида,Mount Behling,-85.66667,-161.06667
Антарктида,Mount Belecz,-85.55750333,-163.52916667
Антарктида,Mount Belecz,-85.566667,-163.45
Антарктида,Mount Belgrave,-76.6,162.017
Антарктида,Mount Bell,-84.06250333,167.45083333
Антарктида,Mount Bell,-84.0667,167.5
Антарктида,Mount Bellingshausen,-75.1167,162.1
Антарктида,Mount Bellingshausen,-75.1167,162.1
Антарктида,Mount Bellingshausen,-75.1167,162.1
Антарктида,Mount Bellows,-84.8333,178.967
Антарктида,Mount Belolikov,-70.4833,162.117
Антарктида,Mount Beney,-80.2667,-27.75
Антарктида,Mount Benjamin,-85.8,-160.1
Антарктида,Mount Benkert,-73.6333,-76.6667
Антарктида,Mount Bennett,-84.8167,-178.917
Антарктида,Mount Bennett,-84.81667,-178.91667
Антарктида,Mount Beowulf,-77.6333,161.8
Антарктида,Mount Bergen,-76.9833,160.8
Антарктида,Mount Bergersen,-72.066666666,25.8
Антарктида,Mount Bernstein,-71.6167,163.117
Антарктида,Mount Berry,-64.4333,-60.7167
Антарктида,Mount Berry,-64.41857667,-60.72438
Антарктида,Mount Besch,-78.1833,-84.7167
Антарктида,Mount Best,-66.81667,51.36667
Антарктида,Mount Best,-66.8167,51.3833
Антарктида,Mount Betty,-85.1833,-163.75
Антарктида,Mount Bierle,-71.5,167.317
Антарктида,Mount Billing,-75.716666666,160.9
Антарктида,Mount Birks,-65.3,-62.1667
Антарктида,Mount Bjaaland,-86.55,-164.233
Антарктида,Mount Blackwelder,-77.983333333,161.066666666
Антарктида,Mount Blair,-72.53333,160.81667
Антарктида,Mount Blair,-72.5333,160.817
Антарктида,Mount Boyer,-75.1167,-72.0667
Антарктида,Mount Boyd,-84.8,-179.4
Антарктида,Mount Boyd,-84.8,-179.4
Антарктида,Mount Boyd,-84.81083333,-179.38083333
Антарктида,Mount Boyd,-84.81083333,-179.38083333
Антарктида,Mount Boyles,-75.5667,-70.9333
Антарктида,Mount Boyles,-75.5437,-70.94692
Антарктида,Mount Boë,-72.5833,31.3167
Антарктида,Mount Brabec,-73.5667,165.4
Антарктида,Mount Brabec,-73.56667,165.4
Антарктида,Mount Brading,-64.3,-59.26667
Антарктида,Mount Brading,-64.2833,-59.2833
Антарктида,Mount Bradley,-63.88486,-58.62403
Антарктида,Mount Bradley,-63.8833,-58.6167
Антарктида,Mount Bragg,-84.1,-56.7167
Антарктида,Mount Bragg,-84.1,-56.716
Антарктида,Mount Bradshaw,-71.4667,163.867
Антарктида,Mount Bradshaw,-71.47083667,163.87333667
Антарктида,Mount Brandt,-72.1667,1.11667
Антарктида,Mount Bransfield,-63.2833,-57.0833
Антарктида,Mount Braun,-69.4333,-71.4
Антарктида,Mount Breaker,-67.8833,-67.2667
Антарктида,Mount Breckinridge,-66.6167,53.6833
Антарктида,Mount Brennan,-84.25,175.9
Антарктида,Mount Bresnahan,-71.8,161.467
Антарктида,Mount Brewster,-72.945,169.38083
Антарктида,Mount Brewster,-72.95,169.383
Антарктида,Mount Bridger,-72.28333,167.58333
Антарктида,Mount Bridger,-72.2833,167.583
Антарктида,Mount Brice,-75.3667,-72.6167
Антарктида,Mount Brice,-75.3681,-72.59963
Антарктида,Mount Bridgman,-66.8333,-67.3833
Антарктида,Mount Bridgman,-66.82578,-67.37031667
Антарктида,Mount Bris,-63.9833,-59.8333
Антарктида,Mount Britannia,-64.7167,-62.6833
Антарктида,Mount Britannia,-64.71754,-62.68122
Антарктида,Mount Brocoum,-70.2,-63.75
Антарктида,Mount Brocoum,-70.17833,-63.74005
Антарктида,Mount Brocklehurst,-76.1333,161.45
Антарктида,Mount Bronk,-84.4,175.767
Антарктида,Mount Brooke,-76.8167,159.9
Антарктида,Mount Broome,-73.59663667,-61.76620667
Антарктида,Mount Broome,-73.5833,-61.75
Антарктида,Mount Brounov,-71.9667,14.3333
Антарктида,Mount Brown,-68.58333,86.08333
Антарктида,Mount Brown,-68.3,86.4167
Антарктида,Mount Browning,-74.61667,164.05
Антарктида,Mount Bruce,-70.5333,162.5
Антарктида,Mount Bruce,-70.53999667,162.505
Антарктида,Buckley Island,-84.9667,163.933
Антарктида,Mount Burch,-70.8167,164.417
Антарктида,Mount Burnham,-71.5667,159.833
Антарктида,Mount Burrill,-72.8333,167.483
Антарктида,Mount Burton,-72.55,166.733
Антарктида,Mount Burton,-72.55,166.733
Антарктида,Mount Burton,-72.55,166.73333
Антарктида,Mount Burton,-72.55,166.73333
Антарктида,Mount Bushnell,-85.6,-150.8
Антарктида,Mount Butters,-84.86916333,-177.57583667
Антарктида,Mount Butters,-84.8833,-177.467
Антарктида,Mount Cabeza,-64.1333,-62.1833
Антарктида,Mount Cahill,-74.8833,-71.2333
Антарктида,Mount Cahill,-74.87971,-71.23099
Антарктида,Mount Calais,-69.1833,-70.25
Антарктида,Mount Calvin,-71.2833,165.1
Антарктида,Mount Calvin,-71.28499667,165.1075
Антарктида,Mount Campleman,-84.85,-64.3333
Антарктида,Mount Canicula,-63.7167,-58.5
Антарктида,Mount Cantello,-70.8667,163.117
Антарктида,Mount Cardinall,-63.45,-57.1667
Антарктида,Mount Caroline Mikkelsen,-69.75,74.4
Антарктида,Mount Carrara,-74.8833,-71.45
Антарктида,Mount Cartwright,-84.35,175.133
Антарктида,Mount Cartwright,-84.35,175.13333
Антарктида,Mount Cassidy,-77.45,160.8
Антарктида,Mount Castro,-69.333333333,-66.066666666
Антарктида,Mount Cavaney,-74.05,163.05
Антарктида,Mount Cecily,-85.8667,174.25
Антарктида,Mount Caywood,-75.3,-72.4167
Антарктида,Mount Young (Alaska),-77.4333,161.883
Антарктида,Mount Cervin,-66.66667,140.01667
Антарктида,Mount Cervin,-66.6667,140.017
Антарктида,Mount Chadwick,-72.5,160.433
Антарктида,Mount Chandler,-75.2833,-72.55
Антарктида,Mount Chandler,-75.28556,-72.53613
Антарктида,Mount Charity,-69.9,-64.5667
Антарктида,Mount Charity,-69.92313,-64.44759
Антарктида,Mount Chauve,-66.8167,141.383
Антарктида,Mount Chauve,-66.81667,141.38333
Антарктида,Mount Cheops,-65.8667,-64.6333
Антарктида,Mount Cheops,-65.85683,-64.62135
Антарктида,Mount Cherry-Garrard,-71.3,168.683
Антарктида,Mount Chevreux,-65.7667,-64.0
Антарктида,Mount Chevreux,-65.78509,-63.95385
Антарктида,Mount Chiang,-77.9667,162.65
Антарктида,Mount Chiang,-77.96667,162.65
Антарктида,Mount Chider,-72.1,169.167
Антарктида,Mount Chivers,-82.5333,161.433
Антарктида,Jane Peak,-60.7167,-45.6333
Антарктида,Jane Peak,-60.699,-45.621
Антарктида,Janke Nunatak,-75.8833,-70.45
Антарктида,Janssen Peak,-64.8833,-63.5167
Антарктида,Jardine Peak,-62.1667,-58.5167
Антарктида,Mount Southwick,-78.7667,-84.9167
Антарктида,Mount Strybing,-78.683333333,-85.066666666
Антарктида,Sutley Peak,-73.65,-94.533333333
Антарктида,Mount Tegge,-77.95,-85.25
Антарктида,Mount Tidd,-81.28333333,-85.21666667
Антарктида,Mount Todd,-78.05,-85.93333
Антарктида,Mount Todd,-78.0942,-85.8775
Антарктида,Mount Tuck,-78.48333,-84.83333
Антарктида,Mount Tuck,-78.4833,-84.8333
Антарктида,Jeanne Hill,-65.0667,-64.0167
Антарктида,Jeffries Peak,-64.7167,-62.0
Антарктида,Jekselen Peak,-72.0,-2.55
Антарктида,Jekselen Peak,-72.0,-2.5
Антарктида,Mount Viets,-78.2536,-86.1139
Антарктида,Jennings Peak,-71.53333333,168.11666667
Антарктида,Mount Walcott,-85.35,-87.38333333
Антарктида,Mount Walcott,-85.35,-87.38333
Антарктида,Mount Waldron,-78.45,-84.8833
Антарктида,Mount Weems,-77.45,-86.1667
Антарктида,Mount Wrather,-85.38333333,-87.23333333
Антарктида,Mount Wrather,-85.38333,-87.23333
Антарктида,Wright Peak,-73.666666666,-94.533333333
Антарктида,Wright Peak,-73.65417,-94.49083
Антарктида,Mount Bergin,-67.7,48.91667
Антарктида,Mount Bergin,-67.7,48.9167
Антарктида,Mount Kjerringa,-66.483333333,55.183333333
Антарктида,Johansen Peak,-86.7167,-148.183
Антарктида,Johnson Peak,-83.7167,-89.2667
Антарктида,Johnson Spire,-79.9833,158.983
Антарктида,Johnston Peak,-66.2667,52.1
Антарктида,Jones Peak,-85.0833,-172.0
Антарктида,Joyce Peak,-77.4667,168.2
Антарктида,Jubilee Peak,-61.1333,-54.0333
Антарктида,Jutulhogget,-72.0333,2.85
Антарктида,Jøkulhest Dome,-71.8667,6.7
Антарктида,Kaka Nunatak,-77.2833,166.833
Антарктида,Mount Hastings,-85.5667,-154.167
Антарктида,Mount Havener,-78.45,-84.6167
Антарктида,Mount Hawkes,-83.9167,-56.0833
Антарктида,Mount Hayter,-82.0333,157.433
Антарктида,Mount Hayton,-72.05,165.2
Антарктида,Mount Hayward,-78.1167,167.35
Антарктида,Mount Hazlett,-72.1,167.583
Антарктида,Mount Hedden,-72.16333,1.125
Антарктида,Mount Hedden,-72.0833,1.41667
Антарктида,Mount Heer,-73.31984,-62.95173
Антарктида,Mount Heer,-73.3,-62.9667
Антарктида,Mount Heg,-72.95,166.75
Антарктида,Mount Heg,-72.94333333,166.745
Антарктида,Mount Heine,-78.0833,167.45
Антарктида,Mount Heitō,-69.2667,39.8167
Антарктида,Mount Heitō,-69.26111,39.82778
Антарктида,Mount Hennessey,-72.24583,164.74416667
Антарктида,Mount Hennessey,-72.23333333,164.75
Антарктида,Mount Henry,-67.7167,50.2833
Антарктида,Mount Henry,-67.71667,50.28333
Антарктида,Mount Henry Lucy,-85.1833,170.433
Антарктида,Mount Henry Lucy,-85.18333,170.43333
Антарктида,Mount Henson,-84.8333,-168.35
Антарктида,Mount Hercules,-77.4833,161.433
Антарктида,Mount Hercules,-77.48333,161.45
Антарктида,Mount Hermanson,-84.3833,173.533
Антарктида,Mount Hermanson,-84.38333,173.53333
Антарктида,Mount Hirman,-75.96667,-72.76667
Антарктида,Mount Hirman,-75.4667,-72.7667
Антарктида,Mount Hobbs,-83.75,-58.8333
Антарктида,Mount Hobbs,-83.75,-58.833
Антарктида,Mount Hochlin,-72.0833,4.05
Антарктида,Mount Lahaye,-72.6,31.1667
Антарктида,Mount Landolt,-78.7667,-84.5
Антарктида,Mount Lampert,-74.55,-62.65
Антарктида,Mount Lampert,-74.54512,-62.61924
Антарктида,Mount Lanning,-77.783305555,-85.75
Антарктида,Mount Lanzerotti,-74.8333,-71.55
Антарктида,Mount Larsen,-74.85,162.2
Антарктида,Mount Lassell,-71.75,-68.8333
Антарктида,Mount Lassell,-71.72403,-68.79198
Антарктида,Mount Laudon,-74.2167,-64.05
Антарктида,Mount Laudon,-74.21943333,-64.03693667
Антарктида,Mount LeResche,-71.516666666,166.283333333
Антарктида,Mount Leek,-75.8167,-68.5167
Антарктида,Mount Leek,-75.66667,-68.51667
Антарктида,Mount McKeown,-77.933305555,-85.516694444
Антарктида,Mount McKercher,-86.15,-150.033
Антарктида,Mount McKibben,-75.38863,-64.69918
Антарктида,Mount McKibben,-75.3833,-64.7
Антарктида,Mount McLennan,-77.5833,162.933
Антарктида,Mount McLennan,-77.58333,162.93333
Антарктида,Mount McNaughton,-85.9667,-128.2
Антарктида,Mount McNaughton,-85.96667,-128.2
Антарктида,Mount Meeks,-86.2167,-148.85
Антарктида,Mount Meister,-74.23333333,162.78333333
Антарктида,Mount Melton,-77.51667,168.86667
Антарктида,Mount Melton,-77.5167,168.867
Антарктида,Mount Mende,-74.84106,-71.61679
Антарктида,Mount Mende,-74.8333,-71.6
Антарктида,Mount Mentzel,-71.3667,13.6667
Антарктида,Mount Merrick,-67.7,49.3
Антарктида,Mount Metschel,-78.2833,159.0
Антарктида,Mount Metschel,-78.25,159.0
Антарктида,Mount Meunier,-74.9667,-113.317
Антарктида,Mount Bodys,-67.15,-67.8
Антарктида,Mount Bodys,-67.16253,-67.76274
Антарктида,Mount Boland,-65.30875,-63.82875
Антарктида,Mount Boland,-65.3,-63.8333
Антарктида,Mount Bolt,-71.0833,165.717
Антарктида,Mount Borchgrevink,-72.1167,23.1333
Антарктида,Mount Borgstrom,-74.2667,162.883
Антарктида,Mount Borgstrom,-74.26667,162.88333
Антарктида,Боснек,-65.8442,-63.2214
Антарктида,Mount Bouvier,-67.2333,-68.15
Антарктида,Mount Bower,-72.6167,160.5
Антарктида,Mount Bower,-72.61667,160.5
Антарктида,Mount Bowers,-85.0,164.083
Антарктида,Mount Bowers,-85.0,164.08333
Антарктида,Mount Bowles,-62.61673,-60.2025
Антарктида,Mount Bowles,-62.616666666,-60.202222222
Антарктида,Mount Bowser,-86.05,-155.6
Антарктида,Mount Miller,-83.3333,165.8
Антарктида,Mount Mills,-85.2,165.283
Антарктида,Mount Mills,-85.2125,165.31833
Антарктида,Mount Milton,-78.8,-84.8
Антарктида,Mount Mitchell,-82.72667,165.54416667
Антарктида,Mount Mitchell,-82.7167,165.6
Антарктида,Mount Moa,-80.7667,157.95
Антарктида,Mount Moffat,-83.5333,-55.2833
Антарктида,Mount Moffat,-83.533,-55.283
Антарктида,Mount Mogensen,-77.5667,-85.8333
Антарктида,Mount Mohl,-78.55,-85.0833
Антарктида,Mount Monique,-69.75,-75.5
Антарктида,Mount Monson,-77.5167,-143.517
Антарктида,Mount Monson,-77.51667,-143.51667
Антарктида,Mount Monteagle,-73.7167,165.467
Антарктида,Mount Mooney,-86.5667,-145.8
Антарктида,Mount Mooney,-86.56667,-145.8
Антарктида,Mount Morley,-69.66788,-71.50633
Антарктида,Mount Morley,-69.6667,-71.4667
Антарктида,Mount Morris,-78.3,-86.18333
Антарктида,Mount Morris,-78.3167,-86.1667
Антарктида,Mount Morrison,-66.8,51.45
Антарктида,Mount Morse,-80.8167,157.35
Антарктида,Mount Morse,-80.81583667,157.34583333
Антарктида,Mount Morrison,-76.9,161.53333
Антарктида,Mount Morrison,-76.9,161.53333
Антарктида,Mount Morrison,-76.9,161.53333333
Антарктида,Mount Morrison,-76.9,161.53333333
Антарктида,Mount Moses,-74.55,-99.18333
Антарктида,Mount Moses,-74.55,-99.1833
Антарктида,Mount Mulach,-71.11667,164.06667
Антарктида,Mount Mulach,-71.116666666,164.066666666
Антарктида,Mount Mullen,-78.7819,-84.7622
Антарктида,Mount Mumford,-71.55,-65.15
Антарктида,Mount Mumford,-71.55244,-65.12332
Антарктида,Mount Murch,-84.6333,-65.4167
Антарктида,Mount Murchison,-67.3167,144.25
Антарктида,Mount Murchison,-67.31667,144.25
Антарктида,Mount Murray,-76.155833055,161.82833
Антарктида,Mount Naab,-76.6,160.93333333
Антарктида,Mount Nash,-74.23163,-62.37582
Антарктида,Mount Nash,-74.2333,-62.3333
Антарктида,Mount Neder,-71.03333333,167.66666667
Антарктида,Mount Neder,-71.03333,167.66667
Антарктида,Mount Nero,-71.2,159.833
Антарктида,Mount Nero,-71.2,159.83333
Антарктида,Mount Nervo,-83.2333,-58.0
Антарктида,Mount Nesos,-78.2,167.06667
Антарктида,Mount Nesos,-78.2,167.1
Антарктида,Mount Newall,-77.5,162.7
Антарктида,Mount Newman,-69.18658,-71.45724333
Антарктида,Mount Newman,-69.1833,-71.4333
Антарктида,Mount Nichols,-85.45,-146.08333
Антарктида,Mount Nichols,-85.45,-146.083
Антарктида,Mount Nikolayev,-71.7333,12.4333
Антарктида,Mount Nils Larsen,-72.2333,23.1
Антарктида,Mount Nilsen,-78.01667,-155.5
Антарктида,Mount Nilsen,-78.05,-155.0
Антарктида,Mount Northampton,-72.68333333,169.1
Антарктида,Mount Northampton,-72.66667,169.16667
Антарктида,Mount Obiglio,-74.45,-131.833
Антарктида,Mount Obiglio,-74.38333,-131.7
Антарктида,Mount Odishaw,-84.7,174.9
Антарктида,Mount Oona,-83.15,162.6
Антарктида,Mount Orestes,-77.46666667,161.91666667
Антарктида,Mount Osborne,-78.616694444,-84.783305555
Антарктида,Mount Owen,-74.41476,-62.52059
Антарктида,Mount Owen,-74.41666667,-62.5
Антарктида,Mount Paige,-76.3333,-144.7
Антарктида,Mount Paine,-86.7667,-147.533
Антарктида,Mount Paris,-68.96562,-70.86632
Антарктида,Mount Paris,-68.9833,-70.8333
Антарктида,Mount Parry,-64.25549333,-62.40698
Антарктида,Mount Passel,-76.8833,-144.933
Антарктида,Mount Passel,-76.83333,-144.66667
Антарктида,Mount Patrick,-84.2167,172.0
Антарктида,Mount Patrick,-84.2167,172.0
Антарктида,Mount Patrick,-84.21667,172.0
Антарктида,Mount Patrick,-84.21667,172.0
Антарктида,Mount Paulus,-72.6167,31.0
Антарктида,Mount Pearson,-72.28333333,166.71666667
Антарктида,Mount Pearson,-72.28333333,166.71666667
Антарктида,Mount Pearson,-72.28083,166.73000333
Антарктида,Mount Pearson,-72.28083,166.73000333
Антарктида,Mount Perez,-70.0,159.533
Антарктида,Mount Perkins,-76.53333,-144.13333
Антарктида,Mount Perkins,-76.5333,-144.133
Антарктида,Mount Phelan,-71.98833,160.59000333
Антарктида,Mount Phelan,-71.98333333,160.61666667
Антарктида,Mount Phoebe,-71.7905,-68.76488
Антарктида,Mount Phoebe,-71.7833,-68.7833
Антарктида,Mount Picciotto,-83.76666667,163.0
Антарктида,Mount Pierre,-71.3,35.75
Антарктида,Mount Pinafore,-69.76508,-70.88526333
Антарктида,Mount Pinafore,-69.7667,-70.8667
Антарктида,Mount Pisgah,-62.963,-62.46184333
Антарктида,Mount Pisgah,-62.9388,-62.4675
Антарктида,Mount Crockett,-86.0167,-155.067
Антарктида,Mount Crockett,-86.01667,-155.06667
Антарктида,Mount Cromie,-84.83333,-179.23333
Антарктида,Mount Cromie,-84.8333,-179.233
Антарктида,Mount Cronus,-67.3,50.05
Антарктида,Mount Crooker,-71.05,-67.25
Антарктида,Mount Crooker,-71.04966,-67.24564
Антарктида,Mount Cross,-84.6167,-63.6333
Антарктида,Mount Cross,-84.616,-63.633
Антарктида,Mount Crowell,-74.3333,-64.0833
Антарктида,Mount Crummer,-75.05,162.567
Антарктида,Mount Cummings,-73.23785333,-61.66717333
Антарктида,Mount Cummings,-73.2333,-61.6167
Антарктида,Mount Curl,-70.8,-63.1167
Антарктида,Mount Curl,-70.79666,-63.07147
Антарктида,Mount Curtiss,-77.1,162.45
Антарктида,Mount Cyril,-84.0333,172.583
Антарктида,Mount Cyril,-84.03333,172.58333
Антарктида,"Mount D'Urville, Antarctica",-63.5094,-58.1939
Антарктида,Mount Daimler,-63.75,-58.4833
Антарктида,Mount Dalmeny,-71.1167,166.917
Антарктида,Mount Dalton,-69.48333,157.9
Антарктида,Mount Dalton,-69.4833,157.9
Антарктида,Mount Damm,-82.6,162.617
Антарктида,Mount Danforth,-85.9333,-150.017
Антарктида,Mount Darby,-77.6667,162.2
Антарктида,Mount Darby,-77.66750333,162.20083667
Антарктида,Mount Darbyshire,-78.4667,158.083
Антарктида,Mount Darbyshire,-78.46667,158.08333
Антарктида,Mount Darling,-77.25916667,-143.33249667
Антарктида,Mount Darling,-77.25,-143.333
Антарктида,Mount Davidson,-76.71667,161.96667
Антарктида,Mount Davidson,-76.7167,161.967
Антарктида,Mount Dawson-Lambton,-78.9,160.617
Антарктида,Mount DeBreuck,-71.2667,35.6667
Антарктида,Mount DeWitt,-77.2,159.833
Антарктида,Mount Deakin,-84.67,170.665
Антарктида,Mount Dean,-85.53166333,-163.00666667
Антарктида,Mount Dean,-85.5333,-163.0
Антарктида,Mount Dearborn,-77.25,160.133
Антарктида,Mount Dearborn,-77.24749667,160.13416333
Антарктида,Mount Deardorff,-85.8,-162.567
Антарктида,Mount Degerfeldt,-66.9667,51.0167
Антарктида,Mount Deildenapen,-71.4,12.7667
Антарктида,Mount Deleon,-80.85,159.95
Антарктида,Mount Denauro,-86.45,-151.5
Антарктида,Mount Derom,-71.566666666,35.633333333
Антарктида,Mount Deryugin,-71.85,11.3333
Антарктида,Mount Dewar,-80.5333,-21.1833
Антарктида,Mount Dewar,-80.53411,-21.15835
Антарктида,Mount Dewe,-75.96565,-68.68729
Антарктида,Mount Dewe,-75.9667,-68.65
Антарктида,Mount Dido,-77.5,160.95
Антарктида,Mount Dido,-77.5,160.95
Антарктида,Mount Dietz,-86.2667,-153.167
Антарктида,Mount Dobrynin,-71.70667,11.775
Антарктида,Mount Dobrynin,-71.7,11.7667
Антарктида,Mount Dodge,-84.8667,-172.367
Антарктида,Mount Dockery,-71.2167,164.55
Антарктида,Mount Dort,-85.9,-158.883
Антарктида,Mount Dougherty,-82.7167,161.083
Антарктида,Mount Dougherty,-82.71667,161.08333
Антарктида,Mount Douglas,-76.5167,161.3
Антарктида,Mount Douglas,-76.51667,161.3
Антарктида,Mount Draeger,-71.15,163.9
Антарктида,Mount Drewry,-84.45,167.35
Антарктида,Mount Dryfoose,-84.8667,-169.933
Антарктида,Mount Dumais,-85.0333,-64.4667
Антарктида,Mount Dungey,-67.0,51.25
Антарктида,Mount Durnford,-80.9667,158.25
Антарктида,Mount Dyke,-67.58333,49.41667
Антарктида,Mount Dyke,-67.5833,49.4167
Антарктида,Mount Early,-87.0667,-153.767
Антарктида,Mount Early,-87.06667,-153.76667
Антарктида,Mount Edixon,-71.8167,163.583
Антарктида,Mount Edred,-70.5833,-69.0
Антарктида,Mount Egbert,-69.95,-69.6167
Антарктида,Mount Ege,-83.5667,-55.8833
Антарктида,Mount Ehrenspeck,-84.76667,-175.58333
Антарктида,Mount Ehrenspeck,-84.7667,-175.583
Антарктида,Mount Electra,-77.5,160.86667
Антарктида,Mount Electra,-77.5,160.9
Антарктида,Mount Elder,-61.22161333,-55.20487333
Антарктида,Mount Elder,-61.2167,-55.2
Антарктида,Mount Elizabeth,-83.9,168.383
Антарктида,Mount Elkins,-66.666666666,54.15
Антарктида,Mount Elliot,-70.8833,166.533
Антарктида,Mount Elliot,-70.88333,166.53333
Антарктида,Mount Ellis,-79.866666666,156.233333333
Антарктида,Mount Emerson,-71.5833,168.733
Антарктида,Mount Emerson,-71.58333,168.73333
Антарктида,Mount Emison,-74.204,163.748
Антарктида,Mount Endeavour,-76.55,162.0
Антарктида,Mount Engelstad,-85.4833,-167.4
Антарктида,Mount England,-77.05,162.45
Антарктида,Mount Henderson,-67.7,63.06667
Антарктида,Mount Henderson,-67.7,63.0667
Антарктида,Mount Hinks,-67.88333,66.05
Антарктида,Mount Hinks,-67.8833,66.05
Антарктида,Mount Hollingshead,-70.6833,66.1667
Антарктида,Mount Hordern,-67.9333,62.4833
Антарктида,Mount Johansen,-70.54361,67.21722
Антарктида,Mount Johansen,-70.5,67.2167
Антарктида,Mount Johnston,-71.53333,67.4
Антарктида,Mount Johnston,-71.5333,67.4
Антарктида,Mount Kerr,-70.43333,65.63333
Антарктида,Mount Kerr,-70.4333,65.6333
Антарктида,Mount Kirkby,-70.433333333,65.25
Антарктида,Mount Kizaki,-70.75,65.7667
Антарктида,Mount Kjerka,-68.05,66.0667
Антарктида,Mount Lacey,-70.1833,64.7167
Антарктида,Mount Lanyon,-71.25,67.1667
Антарктида,Mount Lanyon,-71.21667,67.25
Антарктида,Mount Lawrence,-67.85722,62.51778
Антарктида,Mount Lawrence,-67.85,62.516666666
Антарктида,Mount Leckie,-70.4333,66.0
Антарктида,Mount Lied,-70.5,65.55
Антарктида,Mount Loewe,-70.5333,67.7167
Антарктида,Mount Macey,-69.8667,65.3
Антарктида,Mount Macey,-69.86667,65.31667
Антарктида,McKenzie Peak,-70.3,65.6333
Антарктида,Mount Macklin,-69.95,64.6
Антарктида,Mount Marsden,-67.8667,66.05
Антарктида,Mount Marsden,-67.86667,66.06667
Антарктида,Mount Mather,-73.5667,61.0
Антарктида,Mount Mather,-73.47056,61.09028
Антарктида,Mount McCauley,-73.15583,63.14778
Антарктида,Mount McCauley,-73.2,63.25
Антарктида,Mount McGrath,-70.8833,65.4667
Антарктида,Mount McGrath,-70.87667,65.4675
Антарктида,Mount McKenzie,-70.6667,67.0167
Антарктида,Mount McKenzie,-70.66667,67.01667
Антарктида,Mount Mercer,-70.22667,65.64694
Антарктида,Mount Mercer,-70.2167,65.65
Антарктида,Mount Meredith,-71.2,67.71667
Антарктида,Mount Meredith,-71.2,67.75
Антарктида,Mount McMahon,-70.8667,65.15
Антарктида,Mount McMahon,-70.835,65.14778
Антарктида,Mount Mervyn,-70.5167,65.2167
Антарктида,Mount Mervyn,-70.50917,65.30667
Антарктида,Mikkelsen Peak,-67.7833,66.7167
Антарктида,Mill Peak,-67.9667,61.1333
Антарктида,Moore Pyramid,-70.3,65.1333
Антарктида,Neill Peak,-67.8333,66.6167
Антарктида,Mount Newton,-74.0167,65.5
Антарктида,Mount Newton,-74.01667,65.5
Антарктида,Painted Peak,-67.75,62.85
Антарктида,Pearce Peak,-67.8,61.2
Антарктида,Mount Peter,-70.19944,64.91444
Антарктида,Mount Peter,-70.1833,64.9333
Антарктида,Mount Pollard,-70.4667,64.6167
Антарктида,Mount Reu,-71.15,65.5833
Антарктида,Mount Rubin,-73.4375,65.49278
Антарктида,Mount Rubin,-73.4167,65.6667
Антарктида,Mount Seaton,-70.61111,67.45917
Антарктида,Mount Seaton,-70.6,67.45
Антарктида,Mount Scherger,-73.2167,62.9167
Антарктида,Mount Scherger,-73.18333,62.83333
Антарктида,Mount Seedsman,-70.15,65.4333
Антарктида,Mount Small,-70.5,64.7
Антарктида,Mount Small,-70.5,64.71667
Антарктида,Mount Sundberg,-70.5667,66.8
Антарктида,Mount Tarr,-70.416666666,65.766666666
Антарктида,Torlyn Mountain,-67.783333333,66.916666666
Антарктида,Mount Tritoppen,-67.9833,62.4833
Антарктида,Trost Peak,-67.8667,62.8
Антарктида,Wignall Peak,-70.4,66.4
Антарктида,Mount Wishart,-70.3167,65.25
Антарктида,Mount Woinarski,-71.2333,66.5
Антарктида,Liston Nunatak,-70.9,-63.75
Антарктида,Litke Nunatak,-67.6,51.6667
Антарктида,Lizard Nunatak,-69.5,-71.05
Антарктида,Lloyd Hill,-62.48986,-59.89055
Антарктида,Lloyd Hill,-62.4898,-59.8905
Антарктида,Lokey Peak,-71.8333,-64.1
Антарктида,Lonely One Nunatak,-71.2,161.3
Антарктида,Long Gables,-78.1833,-86.2333
Антарктида,Long Peak,-78.7333,-83.9
Антарктида,Lookout Dome,-83.05,156.45
Антарктида,Lookout Nunatak,-72.3833,163.9
Антарктида,Mount Christensen,-67.9667,47.8667
Антарктида,Mount Christi,-62.909277777,-62.400277777
Антарктида,Mount Christi,-62.909277777,-62.400277777
Антарктида,Mount Circe,-77.4833,160.967
Антарктида,Mount Circe,-77.46667,160.96667
Антарктида,Mount Clough,-85.9,-158.433
Антарктида,Mount Coates,-77.8,162.083
Антарктида,Mount Coates,-77.8,162.08333
Антарктида,Mount Cohen,-85.2667,-164.45
Антарктида,Mount Colbert,-86.2,-153.217
Антарктида,Mount Colbert,-86.2,-153.21667
Антарктида,Mount Cole,-84.66667,-177.13333
Антарктида,Mount Cole,-84.6667,-177.133
Антарктида,Mount Coleman,-77.55,163.367
Антарктида,Mount Coleman,-77.53333,163.4
Антарктида,Mount Collard,-72.6333,31.1167
Антарктида,Mount Combs,-73.48333,-79.15
Антарктида,Mount Combs,-73.4833,-79.15
Антарктида,Mount Conrad,-69.4167,158.767
Антарктида,Mount Corbató,-85.0667,-165.7
Антарктида,Mount Corbató,-85.06667,-165.7
Антарктида,Mount Cornu,-64.15,-60.5833
Антарктида,Mount Cornwell,-77.666694444,-86.15
Антарктида,Mount Cortés,-68.49566,-66.0846
Антарктида,Mount Cortés,-68.4833,-66.1
Антарктида,Mount Coulter,-83.2833,-58.0333
Антарктида,Mount Coulter,-83.28466667,-58.01466667
Антарктида,Mount Cowart,-83.7,-56.15
Антарктида,Mount Cox,-71.8333,160.533
Антарктида,Mount Cox,-71.83333,160.53333
Антарктида,Mount Creak,-76.6,162.15
Антарктида,Mount Creak,-76.6,162.15
Антарктида,Mount Crean,-77.883333333,159.5
Антарктида,Mount Flora,-63.41762,-57.02734
Антарктида,Mount Flower,-70.2,-67.8833
Антарктида,Mount Flånuten,-71.7833,11.2833
Антарктида,Mount Forde,-76.8833,162.083
Антарктида,Mount Forde,-76.87833,162.08833
Антарктида,Mount Francis,-72.2167,168.75
Антарктида,Mount Francis,-72.21667,168.75
Антарктида,Mount Franke,-84.6167,-177.067
Антарктида,Mount Franklin,-78.08333,-154.95
Антарктида,Mount Franklin,-78.0833,-154.95
Антарктида,Mount Frazier,-77.8667,-154.967
Антарктида,Mount Frazier,-77.86667,-154.96667
Антарктида,Mount Zimmermann,-71.333333333,13.333333333
Антарктида,Mount Zuckerhut,-71.416666666,13.45
Антарктида,Moyes Nunatak,-67.45,-67.5167
Антарктида,Mulgrew Nunatak,-79.6333,157.933
Антарктида,Mulligan Peak,-77.18333333,160.25
Антарктида,Munizaga Peak,-85.5333,-177.617
Антарктида,Mural Nunatak,-64.9833,-61.5333
Антарктида,Murray Monolith,-67.7833,66.8833
Антарктида,Murtaugh Peak,-85.6833,-130.25
Антарктида,Musson Nunatak,-71.5167,-63.45
Антарктида,Mussorgsky Peaks,-71.4833,-73.3667
Антарктида,Mutel Peak,-76.5167,-146.05
Антарктида,Mayo Peak,-74.8167,-110.55
Антарктида,Mørkenatten Peak,-71.8667,10.5667
Антарктида,Møteplassen Peak,-72.7833,-3.15
Антарктида,Phleger Dome,-85.8667,-138.4
Антарктида,Putzke Peak,-75.8167,-128.533
Антарктида,Mount Ratliff,-85.7,-137.0
Антарктида,Mount Richardson,-76.566666666,-144.65
Антарктида,Richmond Peak,-75.8,-115.817
Антарктида,Nash Peak,-77.25,166.75
Антарктида,Natani Nunatak,-84.7667,-66.5333
Антарктида,Nebraska Peaks,-80.0667,159.5
Антарктида,Needle Peak,-62.7333,-60.1833
Антарктида,Negro Hill,-62.65452,-61.00168
Антарктида,Negro Hill,-62.6545,-61.0017
Антарктида,Neith Nunatak,-83.2833,-55.9167
Антарктида,Saunders Mountain,-76.8833,-145.7
Антарктида,Scudder Peak,-75.8833,-115.2
Антарктида,Shibuya Peak,-75.166666666,-133.583333333
Антарктида,Nelson Peak,-83.6667,-55.05
Антарктида,Neuburg Peak,-82.6167,-52.9
Антарктида,Stich Peak,-85.95,-132.017
Антарктида,Mount Steinfeld,-75.2,-135.85
Антарктида,Suggs Peak,-75.0833,-113.1
Антарктида,Supporting Party Mountain,-85.45,-147.55
Антарктида,Swarm Peak,-76.4833,-146.333
Антарктида,Tasch Peak,-76.6667,-118.05
Антарктида,Vann Peak,-84.8333,-116.717
Антарктида,Whitney Peak,-76.4333,-126.05
Антарктида,Woolam Peak,-76.6833,-125.817
Антарктида,Newman Nunataks,-66.666666666,54.75
Антарктида,Noble Peak,-64.8,-63.4167
Антарктида,Northcliffe Peak,-78.7333,161.133
Антарктида,Northwest Mountain,-77.63333333,160.63333333
Антарктида,Novocin Peak,-76.0167,-69.55
Антарктида,Nupskåpa Peak,-72.71666667,0.26666667
Антарктида,O'Leary Peak,-84.45,-179.233
Антарктида,Ōamaru Peak,-77.4667,167.9
Антарктида,Obelisk Mountain,-77.61666667,161.61666667
Антарктида,Oberon Peak,-71.4,-69.5333
Антарктида,Obidim Peak,-63.6983,-58.325
Антарктида,Oliver Nunatak,-84.0833,-66.1333
Антарктида,Oliver Peak,-77.61666667,161.05
Антарктида,Olliver Peak,-84.5667,-173.55
Антарктида,Operose Peak,-80.1,156.233
Антарктида,Mount Blowaway,-69.6833,158.15
Антарктида,Mount Blick,-81.35,159.083
Антарктида,Lord Nunatak,-80.35,-24.0167
Антарктида,Louise Peak,-65.0833,-64.0
Антарктида,Loze Mountain,-71.6167,11.2833
Антарктида,Luna-Devyat' Mountain,-71.6667,11.8333
Антарктида,Luna-Devyat' Mountain,-71.66167,11.85
Антарктида,Luther Peak,-72.3667,169.833
Антарктида,Лясковец,-62.663472222,-60.142972222
Антарктида,Lyon Peak,-63.7833,-60.8
Антарктида,Lyttelton Peak,-82.3,158.933
Антарктида,López Nunatak,-62.4827,-59.6419
Антарктида,M'Clintock Bastion,-80.4667,-22.4667
Антарктида,MacAyeal Peak,-80.0167,159.717
Антарктида,MacKay Peak,-62.7211,-60.2993
Антарктида,MacPherson Peak,-70.55,159.717
Антарктида,Maclaren Monolith,-80.3333,-25.3833
Антарктида,Maigetter Peak,-76.45,-146.483
Антарктида,Main Crater,-77.5333,167.167
Антарктида,Maling Peak,-60.65,-45.6667
Антарктида,Malysh Mountain,-72.15,11.4
Антарктида,Manahan Peak,-77.4833,168.433
Антарктида,Manning Nunataks,-71.0,71.2
Антарктида,Marcoux Nunatak,-69.9167,159.067
Антарктида,Mount Pittard,-71.51666667,166.9
Антарктида,Mount Pivot,-80.66659,-30.23896
Антарктида,Mount Pivot,-80.6833,-30.1667
Антарктида,Mount Pleiones,-72.75,165.48333333
Антарктида,Mount Pollock,-73.75,162.78333
Антарктида,Mount Pollock,-73.75,162.78333333
Антарктида,Mount Pond,-62.95,-60.55
Антарктида,Mount Potter,-78.13333333,162.28333333
Антарктида,Mount Press,-78.155,-85.9958
Антарктида,Mount Prestrud,-86.5667,-165.117
Антарктида,Mount Priestley,-75.1833,161.883
Антарктида,Mount Prior,-72.96666667,168.78333333
Антарктида,Mount Prior,-72.96083667,168.78166333
Антарктида,Mount Provender,-80.3833,-29.9167
Антарктида,Mount Pulitzer,-85.8167,-154.267
Антарктида,Mount Rabben,-66.45,54.11667
Антарктида,Mount Rabben,-66.45,54.1167
Антарктида,Mount Rainbow,-80.9,156.917
Антарктида,Mount Ramenskiy,-71.76666667,12.55
Антарктида,Mount Raymond,-85.88333333,174.71666667
Антарктида,Mount Razorback,-76.83333333,161.3
Антарктида,Mount Razorback,-76.83333,161.3
Антарктида,Mount Reece,-63.8333,-58.5333
Антарктида,Mount Rees,-78.47666333,162.46333
Антарктида,Mount Rees,-78.4833,162.483
Антарктида,Mount Regina,-71.45,165.75
Антарктида,Mount Reid,-83.08333,165.96667
Антарктида,Mount Reid,-83.05,166.01666667
Антарктида,Mount Reinhardt,-84.2,177.2
Антарктида,Mount Remington,-71.76666667,161.28333333
Антарктида,Mount Rennie,-64.69153,-63.57583
Антарктида,Mount Rennie,-64.6833,-63.5833
Антарктида,Mount Reynolds,-72.7,-61.2667
Антарктида,Mount Reynolds,-72.7,-61.26667
Антарктида,Mount Rex,-74.93556,-75.94955
Антарктида,Mount Rex,-74.9,-75.95
Антарктида,Mount Rhodes,-66.8167,51.15
Антарктида,Mount Rhone,-79.9833,158.733
Антарктида,Mount Rhone,-79.98333,158.73333
Антарктида,Mount Richter,-81.9667,158.783
Антарктида,Mount Riddolls,-72.8,167.76666667
Антарктида,Mount Rigby,-85.55,-154.583
Антарктида,Mount Riiser-Larsen,-66.7833,50.6667
Антарктида,Mount Roer,-72.3,0.35
Антарктида,Mount Romnaes,-71.516666666,24.0
Антарктида,Mount Romnaes,-71.45833,23.96667
Антарктида,Mount Ronca,-82.63666333,155.22416667
Антарктида,Mount Ronca,-82.6333,155.25
Антарктида,Mount Ronne,-77.5667,-146.167
Антарктида,Mount Ropar,-83.96666667,160.48333333
Антарктида,Mount Rosenwald,-85.066666666,-179.1
Антарктида,Mount Rossel,-72.6,31.0333
Антарктида,Mount Roth,-84.58333333,-172.36666667
Антарктида,Mount Rotolante,-83.6,168.41666667
Антарктида,Mount Roy,-72.51667,166.25
Антарктида,Mount Roy,-72.51666667,166.25
Антарктида,Mount Ruegg,-71.85,170.18333333
Антарктида,Mount Ruhnke,-72.08333333,3.63333333
Антарктида,Mount Rummage,-80.4833,156.2
Антарктида,Mount Rutford,-78.6,-85.3
Антарктида,Mount Ruth Gade,-85.6167,-164.667
Антарктида,Mount Sandved,-82.68333333,161.1
Антарктида,Mount Schevill,-85.1167,-167.2
Антарктида,Overton Peak,-69.6833,-71.9667
Антарктида,Mount Coley,-81.25,158.21667
Антарктида,Mount Coley,-81.25,158.217
Антарктида,Pagano Nunatak,-83.6833,-87.6667
Антарктида,Pagoda Peak,-83.93333333,166.75
Антарктида,Horseshoe Mountain,-77.5667,159.967
Антарктида,Mount Lindley,-81.7667,159.083
Антарктида,Mount Martyn,-69.4,157.167
Антарктида,Mount McClintock,-80.216666666,157.433333333
Антарктида,Parkinson Peak,-69.56667,158.7
Антарктида,Parkinson Peak,-69.55,159.0
Антарктида,Partridge Nunatak,-75.7,-140.333
Антарктида,Poorman Peak,-69.95,159.25
Антарктида,Portal Mountain,-78.1,159.166669444
Антарктида,Pritchard Peak,-80.3667,155.3
Антарктида,Pope Mountain,-69.7333,158.833
Антарктида,Mount Quackenbush,-80.35,156.966666666
Антарктида,Rand Peak,-80.1,159.5
Антарктида,Roberts Pike,-80.6,158.75
Антарктида,Reckling Peak,-76.2667,159.25
Антарктида,Reynolds Peak,-69.2667,157.017
Антарктида,Saburro Peak,-80.333333333,155.016666666
Антарктида,Patrick Nunatak,-84.0667,-55.5833
Антарктида,Serba Peak,-69.6167,159.05
Антарктида,Seay Peak,-79.0833,157.5
Антарктида,Patterson Peak,-85.7333,-155.983
Антарктида,Pearce Dome,-71.3167,-68.3333
Антарктида,Pedersen Nunatak,-64.93127,-60.74354
Антарктида,Pedersen Nunatak,-64.9333,-60.7333
Антарктида,Pegtop Mountain,-77.06666667,161.25
Антарктида,Penrod Nunatak,-85.5833,-134.883
Антарктида,Peter Nunatak,-75.9167,-128.55
Антарктида,Peters Peak,-82.23333333,160.06666667
Антарктида,Petersen Peak,-80.45,-27.95
Антарктида,Pewe Peak,-78.03333333,163.66666667
Антарктида,Phillips Nunatak,-84.75,-62.5833
Антарктида,Pillsbury Tower,-73.5167,-94.3333
Антарктида,Pilon Peak,-71.23333333,164.95
Антарктида,Tailend Nunatak,-78.8167,-27.4167
Антарктида,Takahe Nunatak,-77.2167,166.8
Антарктида,Tambovskaya Peak,-71.6833,12.3333
Антарктида,Target Hill,-66.00375,-62.99125
Антарктида,Target Hill,-66.0,-62.95
Антарктида,Taylor Nunatak,-84.9,-176.0
Антарктида,Teall Nunatak,-74.8333,162.55
Антарктида,Teeters Nunatak,-74.2,-100.017
Антарктида,Tempest Peak,-84.5167,164.183
Антарктида,Tennant Peak,-78.15,-155.3
Антарктида,Tent Peak,-77.5,168.967
Антарктида,Terletskiy Peak,-71.8167,10.5167
Антарктида,Terminus Mountain,-78.1333,163.6
Антарктида,Terminus Nunatak,-69.8667,-68.3333
Антарктида,Ternyck Needle,-62.0833,-58.2667
Антарктида,Terrapin Hill,-63.964,-57.542
Антарктида,Terrapin Hill,-63.9667,-57.5333
Антарктида,Mount Solvay,-72.5667,31.3833
Антарктида,Mount Solvay,-72.56667,31.38333
Антарктида,Tethys Nunataks,-72.1667,-68.9833
Антарктида,Tussenobba Peak,-72.0,6.25
Антарктида,The Boil,-74.15,161.533
Антарктида,The Cloudmaker,-84.2833,169.417
Антарктида,The Cornet,-61.13583,-54.77750333
Антарктида,The Cornet,-61.1167,-54.7833
Антарктида,The Fang,-77.4833,167.2
Антарктида,The Fang,-77.48333,167.21667
Антарктида,The Menhir,-60.649722222,-45.2
Антарктида,Mount Vanderheyden,-72.5,31.3333
Антарктида,Mount Vanderheyden,-72.5,31.33333
Антарктида,Vendeholten Mountain,-72.2,1.33333
Антарктида,Vesëlaya Mountain,-71.6333,12.5333
Антарктида,Vesthjelmen Peak,-71.7,26.3
Антарктида,Vesthjelmen Peak,-71.68333,26.41667
Антарктида,Viking Heights,-72.0667,23.4
Антарктида,Veten Mountain,-72.625,-3.833333333
Антарктида,Veten Mountain,-72.6167,-3.83333
Антарктида,Von Essen Mountain,-72.26667,2.38333
Антарктида,Von Essen Mountain,-72.2333,2.38333
Антарктида,Vorposten Peak,-71.45,15.56667
Антарктида,Vorposten Peak,-71.416666666,15.516666666
Антарктида,Vyatskaya Peak,-71.95,13.5333
Антарктида,Zwiesel Mountain,-71.716666666,12.133333333
Антарктида,Zhil'naya Mountain,-71.666666666,12.633333333
Антарктида,The Saddlestone,-63.43246,-57.03619
Антарктида,The Saddlestone,-63.433333333,-57.033333333
Антарктида,Hoopers Shoulder,-77.5333,166.883
Антарктида,Mount Cis,-77.5667,166.283
Антарктида,Mount Cis,-77.56667,166.31667
Антарктида,Themis Nunatak,-71.6167,-69.1
Антарктида,Thomson Peak,-71.9833,166.117
Антарктида,Three Nunataks,-80.0667,154.833
Антарктида,Three Slice Nunatak,-68.0333,-64.95
Антарктида,Tinsel Dome,-63.7333,-58.9167
Антарктида,Tioga Hill,-60.7333,-45.65
Антарктида,Tioga Hill,-60.716,-45.638
Антарктида,Titan Nunatak,-72.15,-68.7167
Антарктида,Tito Peak,-76.6,162.283
Антарктида,Toilers Mountain,-71.7333,164.867
Антарктида,Tollefson Nunatak,-74.4167,-72.4167
Антарктида,Tortoise Hill,-64.3667,-57.5
Антарктида,Tortoise Hill,-64.36537,-57.49402
Антарктида,Trey Peaks,-80.6,-28.8667
Антарктида,Tricorn Mountain,-85.05,173.45
Антарктида,Mount Harcourt,-72.3,169.916666666
Антарктида,Turret Peak,-72.2667,166.1
Антарктида,Twin Peaks,-63.40572,-57.1271
Антарктида,Twin Peaks,-63.4,-57.1167
Антарктида,Ugolini Peak,-78.016666666,161.516666666
Антарктида,Mount Alexandra,-78.0,163.833
Антарктида,Mount Aorangi,-72.416666666,166.366666666
Антарктида,Mount Aorangi,-72.41667,166.36667
Антарктида,Mount Band,-78.05,163.91667
Антарктида,Mount Band,-78.05,163.967
Антарктида,Mount Bockheim,-78.0333,161.983
Антарктида,Mount Booth,-77.43333,161.76667
Антарктида,Mount Booth,-77.4333,161.767
Антарктида,Mount Boreas,-77.48333,161.1
Антарктида,Mount Boreas,-77.4833,161.117
Антарктида,Mount Bowen,-75.76,161.0425
Антарктида,Mount Bowen,-75.76,161.0425
Антарктида,Mount Bowen,-75.75,161.05
Антарктида,Mount Bowen,-75.75,161.05
Антарктида,Mount Brazil,-72.05,167.983
Антарктида,Mount Brazil,-72.05,167.98333
Антарктида,Mount Brøgger,-76.8667,161.8
Антарктида,Mount Burrows,-74.3,163.65
Антарктида,Cantrell Peak,-71.2,165.233
Антарктида,Mount Casey,-73.7167,165.783
Антарктида,Mount Casey,-73.71667,165.78333
Антарктида,Mount Chaudoin,-77.15667,162.02
Антарктида,Mount Chaudoin,-77.1542,162.025
Антарктида,Mount Chetwynd,-76.3333,162.033
Антарктида,Mount Chetwynd,-76.3333,162.033
Антарктида,Mount Cleary,-76.45,161.96667
Антарктида,Mount Cleary,-76.45,161.967
Антарктида,Mount Crowder,-72.05,166.383
Антарктида,Mount Crowder,-72.05,166.38333
Антарктида,Utgard Peak,-77.6333,161.15
Антарктида,Vaca Nunatak,-82.2833,-41.7
Антарктида,Vanguard Nunatak,-82.55,-47.6333
Антарктида,Vauréal Peak,-62.1833,-58.3
Антарктида,Vauréal Peak,-62.18037,-58.28832
Антарктида,Mount Eos,-71.7,168.633
Антарктида,Mount Ester,-82.29416667,155.06333667
Антарктида,Mount Ester,-82.3,155.067
Антарктида,Mount Essinger,-77.86667,162.63333
Антарктида,Mount Essinger,-77.8667,162.65
Антарктида,Mount Estes,-78.27083667,166.3025
Антарктида,Mount Estes,-78.2667,166.3
Антарктида,Mount Etchells,-80.2833,-28.3333
Антарктида,Mount Exley,-81.1667,156.233
Антарктида,Mount Exley,-81.16667,156.23333
Антарктида,Mount Eyskens,-71.533333333,35.6
Антарктида,Mount F. L. Smith,-83.6333,169.483
Антарктида,Mount F. L. Smith,-83.62916333,169.47916333
Антарктида,Mount Fairweather,-85.06667,-166.53333
Антарктида,Mount Fairweather,-85.0667,-166.533
Антарктида,Mount Falconer,-77.58333,163.1
Антарктида,Mount Falconer,-77.5833,163.133
Антарктида,Mount Falla,-84.3667,164.917
Антарктида,Mount Farley,-86.5833,-152.5
Антарктида,Mount Fearon,-75.0833,161.7
Антарктида,Mount Feldkotter,-84.1,-56.1
Антарктида,Mount Fell,-73.45124667,-62.26807667
Антарктида,Mount Fell,-73.4333,-62.2667
Антарктида,Mount Fenton,-74.3333,161.917
Антарктида,Mount Feola,-77.5,162.61667
Антарктида,Mount Feola,-77.5,162.617
Антарктида,Mount Ferrara,-82.25,-41.4167
Антарктида,Mount Fidjeland,-71.7,25.6
Антарктида,Mount Fidjeland,-71.70833,25.71667
Антарктида,Mount Finch,-72.5667,167.383
Антарктида,Mount Finch,-72.56667,167.38333
Антарктида,Mount Fitzsimmons,-77.9,-154.91667
Антарктида,Mount Lynch,-78.16666667,162.06666667
Антарктида,Lyons Cone,-77.6333,162.5
Антарктида,Mount Anderson,-78.15,-86.217
Антарктида,Sullivan Peaks,-84.8333,-63.0833
Антарктида,Sumgin Buttress,-80.3,-25.7333
Антарктида,Swine Hill,-71.4,-67.55
Антарктида,Syrtis Hill,-71.833333333,-68.333333333
Антарктида,Sørhjelmen Peak,-71.8,26.4667
Антарктида,Rester Peak,-78.16666667,162.61666667
Антарктида,Rezen Knoll,-62.6253,-60.2769
Антарктида,Rhodes Peak,-83.33333333,167.78333333
Антарктида,Mount Adkins,-73.05,-62.033333333
Антарктида,Mount Axworthy,-73.1,-62.733333333
Антарктида,Mount Barkow,-73.3667,-62.8
Антарктида,Mount Berger,-75.0667,-71.95
Антарктида,Mount Berger,-75.06118,-71.95348
Антарктида,Ridge Peak,-63.5,-57.05
Антарктида,Rinehart Peak,-70.63333333,160.01666667
Антарктида,Risemedet Mountain,-72.05,3.166666666
Антарктида,Risen Peak,-71.96666667,3.3
Антарктида,Ritscher Peak,-71.404,13.352
Антарктида,Mount Cadbury,-71.35,-66.6333
Антарктида,Mount Coman,-73.816666666,-64.3
Антарктида,Mount Coman,-73.80666333,-64.28963333
Антарктида,Mount Courtauld,-70.35,-67.4667
Антарктида,Mount Courtauld,-70.32992,-67.50825
Антарктида,Mount Dixey,-70.1667,-68.0667
Антарктида,Mount Eissinger,-70.0333,-67.7333
Антарктида,Mount Eubanks,-70.03723,-67.25408667
Антарктида,Mount Eubanks,-70.0333,-67.25
Антарктида,Mount Faith,-69.61755,-64.39172
Антарктида,Mount Duemler,-70.0167,-63.75
Антарктида,Robbins Nunatak,-83.2,-57.0833
Антарктида,Roberts Butte,-72.65,160.133
Антарктида,Robin Peak,-60.6833,-45.6333
Антарктида,Robison Peak,-77.2,160.25
Антарктида,Rose Peak,-62.04709,-58.21852
Антарктида,Rose Peak,-62.0333,-58.2
Антарктида,купол Роч,-62.6333,-60.8831
Антарктида,купол Роч,-62.63327,-60.88313
Антарктида,Rubin Peak,-82.16666667,161.15
Антарктида,Rumdoodle Peak,-67.771416666,62.830194444
Антарктида,Saddle Peak,-70.66666667,164.66666667
Антарктида,Saint Pauls Mountain,-77.65,161.21666667
Антарктида,Salen Mountain,-72.0833,25.45
Антарктида,Salient Peak,-78.15,162.75
Антарктида,Samuel Peak,-62.5417,-60.1308
Антарктида,Henkle Peak,-74.65,-75.8333
Антарктида,Mount Horne,-75.7667,-71.7333
Антарктида,Mount Horne,-75.76108,-71.73687
Антарктида,Mount Jenkins,-75.13676,-69.18254
Антарктида,Mount Jenkins,-75.1333,-69.1667
Антарктида,Mount Lepus,-70.6667,-67.1667
Антарктида,Mount Markab,-70.93642333,-67.03445
Антарктида,Mount Markab,-70.9333,-67.0333
Антарктида,Sandau Nunatak,-71.7,-67.2
Антарктида,Sandilands Nunatak,-70.5333,67.45
Антарктида,Mount Mull,-74.55,-63.1333
Антарктида,Mount Mull,-74.54677333,-63.08945667
Антарктида,Mount Ness,-71.3333,-66.8667
Антарктида,Mount Neuner,-75.3,-72.6833
Антарктида,Mount Nordhill,-70.9167,-63.45
Антарктида,Schwartz Peak,-74.1667,-76.25
Антарктида,Squires Peak,-73.9333,-62.65
Антарктида,Steel Peak,-70.9,-63.45
Антарктида,Thomson Summit,-75.2667,-72.4333
Антарктида,Thuma Peak,-69.6667,-72.05
Антарктида,Mount Tricorn,-73.9667,-61.75
Антарктида,Webb Peak,-69.6333,-66.4667
Антарктида,Scallop Hill,-78.2,166.733
Антарктида,Scarab Peak,-73.35,163.01666667
Антарктида,Schist Peak,-77.31666667,162.0
Антарктида,Schmutzler Nunatak,-74.95,-72.1667
Антарктида,Scullin Monolith,-67.7833,66.7
Антарктида,Seay Nunatak,-84.05,-54.6333
Антарктида,Hamm Peak,-69.7167,74.1333
Антарктида,The Altar,-71.65,11.3667
Антарктида,Austhamaren Peak,-71.7333,26.7
Антарктида,Mount Bastei,-71.3667,13.5333
Антарктида,Mount Bastei,-71.33333,13.5
Антарктида,Sentinel Nunatak,-64.7667,-60.7333
Антарктида,Mount Bjerke,-71.9667,9.71667
Антарктида,Serpan Peak,-83.5667,-54.8333
Антарктида,Serpent Nunatak,-69.4667,-70.9167
Антарктида,Mount Bolle,-71.9,6.83333
Антарктида,Sevier Nunatak,-71.3667,-70.25
Антарктида,Mount Chōtō,-69.2,39.6667
Антарктида,Mount Chōtō,-69.19167,39.66667
Антарктида,Mount Dzhalil',-72.0167,14.6
Антарктида,Mount Dzhalil',-72.01667,14.6
Антарктида,Gessner Peak,-71.766666666,6.916666666
Антарктида,Gluvrekletten Peak,-72.2,2.53333
Антарктида,Hatten Peak,-72.65,-4.16667
Антарктида,Hatten Peak,-72.5667,-4.16667
Антарктида,Mount Hiroe,-69.35,39.7833
Антарктида,Shapeless Mountain,-77.433333333,160.4
Антарктида,Ray Nunatak,-83.4667,-51.9667
Антарктида,Rayner Peak,-67.4,55.9333
Антарктида,Razgrad Peak,-62.544166666,-59.710555555
Антарктида,Rea Peak,-62.0167,-58.15
Антарктида,Recluse Nunatak,-70.3,-70.5333
Антарктида,Redcliff Nunatak,-77.0333,162.05
Антарктида,Reference Peak,-67.25,50.4833
Антарктида,Referring Peak,-76.93333333,161.85
Антарктида,Pinegin Peak,-71.73333333,12.55
Антарктида,Pipe Peak,-79.15,-86.25
Антарктида,Pivot Peak,-78.03333333,161.01666667
Антарктида,Plana Peak,-62.651666666,-60.072222222
Антарктида,Pointer Nunatak,-80.6167,-29.0
Антарктида,Polarstar Peak,-77.5333,-86.15
Антарктида,Thompson Mountain,-81.8333,159.8
Антарктида,Tricorn Peak,-82.9833,156.8
Антарктида,Wise Peak,-78.5833,158.3
Антарктида,Mount Borodin,-71.6,-72.6333
Антарктида,Mount Cupola,-69.35,-70.45
Антарктида,Mount Cupola,-69.34657,-70.44448
Антарктида,Mount Ethelred,-70.11347,-69.53802
Антарктида,Mount Ethelred,-70.0667,-69.4833
Антарктида,Mount Ethelwulf,-70.0333,-69.5667
Антарктида,Miranda Peaks,-71.4667,-68.6
Антарктида,Mount Nicholas,-69.36561,-69.85291
Антарктида,Mount Nicholas,-69.3667,-69.8333
Антарктида,Ravel Peak,-69.9167,-71.2833
Антарктида,Saint George Peak,-69.2333,-72.0667
Антарктида,Saint George Peak,-69.14355,-72.02733
Антарктида,Mount Sanderson,-69.2833,-70.7833
Антарктида,Mount Sanderson,-69.27426,-70.71097
Антарктида,Scarlatti Peak,-71.2667,-70.4333
Антарктида,Simon Peak,-69.2667,-71.8833
Антарктида,Staccato Peaks,-71.783333333,-70.65
Антарктида,Mount Strauss,-71.65,-73.2
Антарктида,Titania Peak,-71.5333,-69.4167
Антарктида,Postel Nunatak,-84.8833,-67.7667
Антарктида,Potter Peak,-75.1167,-68.75
Антарктида,Potts Peak,-61.9667,-58.3
Антарктида,Pratts Peak,-80.4,-29.35
Антарктида,Projection Peak,-77.98333333,163.78333333
Антарктида,Pyramid Peak,-72.26666667,165.58333333
Антарктида,Pythagoras Peak,-66.9833,51.3333
Антарктида,Queer Mountain,-77.133333333,161.75
Антарктида,Rahi Peak,-77.73333333,162.81666667
Антарктида,Raudberg,-72.63333,-3.5
Антарктида,Raudberg,-72.6333,-3.36667
Антарктида,Rautio Nunatak,-82.6167,-53.05
Антарктида,Rawson Plateau,-85.8667,-164.75
Антарктида,Shark Fin,-78.366666666,162.95
Антарктида,Shaw Nunatak,-69.54447,-71.2262
Антарктида,Shaw Nunatak,-69.55,-71.2
Антарктида,Shenk Peak,-85.183333333,-174.75
Антарктида,Sherve Peak,-77.516666666,168.766666666
Антарктида,Шишман,-62.649861111,-59.991111111
Антарктида,Shockey Peak,-77.6,-86.783333333
Антарктида,Shoulder Mountain,-76.616666666,162.133333333
Антарктида,Shupe Peak,-78.166666666,161.916666666
Антарктида,Sighing Peak,-67.4,-67.983333333
Антарктида,Silverstein Peak,-78.5475,-85.6492
Антарктида,Simensen Peak,-71.916666666,25.516666666
Антарктида,Симеон,-62.690833333,-60.206944444
Антарктида,Sinemorets Hill,-62.6403,-60.3617
Антарктида,Skavlhø Mountain,-72.03333333,14.5
Антарктида,Skeidshornet Peak,-71.85,12.0
Антарктида,Skeidshornet Peak,-71.83333333,12.01666667
Антарктида,Skeidshovden Mountain,-72.13333333,11.51666667
Антарктида,Skew Peak,-77.21666667,160.7
Антарктида,Sladen Summit,-78.11666667,162.38333333
Антарктида,Slaveykov Peak,-63.01,-62.574444444
Антарктида,Smith Nunataks,-74.8,-73.1
Антарктида,Snow Nunataks,-73.58333333,-77.25
Антарктида,Snow Nunataks,-73.5833,-77.25
Антарктида,Sorensen Peak,-71.71666667,167.8
Антарктида,South Beacon,-77.85,160.78333333
Антарктида,Holtanna Peak,-71.9167,8.36667
Антарктида,Spain Peak,-77.298333333,161.694444444
Антарктида,Mount Black,-85.2333,-178.367
Антарктида,Mount Boman,-82.5333,162.0
Антарктида,Mount Borcik,-86.2,-153.633
Антарктида,Mount Bumstead,-85.65,174.167
Антарктида,Mount Canopus,-81.8333,161.0
Антарктида,Mount Cara,-82.75,161.1
Антарктида,Mount Christchurch,-82.46667,164.16667
Антарктида,Mount Christchurch,-82.4667,164.167
Антарктида,Mount Clarke,-85.0833,172.3
Антарктида,Spheroid Hill,-77.78333333,163.93333333
Антарктида,Sphinx Mountain,-71.45,11.96666667
Антарктида,Sphinx Peak,-72.28333333,165.58333333
Антарктида,Sphinxkopf Peak,-71.41666667,11.95
Антарктида,Sponsors Peak,-77.3,161.4
Антарктида,Mount Krüger,-72.6,0.95
Антарктида,Mount Kurchatov,-71.65,11.2333
Антарктида,Mount Kurchatov,-71.65,11.23333
Антарктида,Mount Loodts,-72.5333,31.1833
Антарктида,Mana Mountain,-72.85,-3.36667
Антарктида,St. Cyril Peak,-62.705555555,-60.213888888
Антарктида,Stair Hill,-66.1667,-65.2333
Антарктида,Mount Minami-heito,-69.28333,39.8
Антарктида,Mount Minami-heito,-69.2833,39.8
Антарктида,Mount Mirotvortsev,-71.8333,12.2833
Антарктида,Mount Neustruyev,-71.85,12.2333
Антарктида,Stanwix Peak,-70.7167,162.65
Антарктида,Station Nunatak,-64.3833,-57.05
Антарктида,Stephenson Bastion,-80.7667,-27.2
Антарктида,Stephenson Nunatak,-72.1833,-69.0833
Антарктида,Stewart Heights,-73.4833,163.967
Антарктида,Stoner Peak,-77.9,163.1
Антарктида,Stor Hånakken Mountain,-66.5333,53.6333
Антарктида,Store Svarthorn Peak,-71.5833,12.55
Антарктида,Storkvarvet Mountain,-71.75,6.9
Антарктида,Storm Peak,-84.5833,164.0
Антарктида,Strandrud Mountain,-71.8667,25.6
Антарктида,Suarez Nunatak,-82.2,-41.7833
Антарктида,Veleka Ridge,-62.74225,-60.309444444
Антарктида,Venetz Peak,-80.3833,-25.5
Антарктида,Victory Nunatak,-68.75,-64.3667
Антарктида,Vishniac Peak,-77.233333333,160.516666666
Антарктида,Viskyar Ridge,-62.541388888,-59.658055555
Антарктида,Vogler Peak,-77.6333,162.2
Антарктида,Wagner Nunatak,-83.9667,-66.5
Антарктида,Walker Peak,-82.6333,-53.2167
Антарктида,Watts Needle,-80.7333,-24.9833
Антарктида,Webber Nunatak,-74.7833,-99.8333
Антарктида,Welcome Mountain,-72.2333,160.2
Антарктида,West Beacon,-77.8167,160.8
Антарктида,West Stack,-67.05,58.05
Антарктида,Westhaven Nunatak,-79.85,154.233
Антарктида,Whistler Nunatak,-74.8333,-71.6833
Антарктида,Whiteside Hill,-65.14067,-61.62432
Антарктида,Whiteside Hill,-65.1333,-61.6333
Антарктида,Mount Doorly,-77.3833,162.917
Антарктида,Duff Peak,-77.7833,162.45
Антарктида,Mount Duvall,-78.3667,162.517
Антарктида,Mount Faget,-71.7333,168.433
Антарктида,Mount Fazio,-73.3833,162.8
Антарктида,Wiens Peak,-83.9833,-56.3167
Антарктида,Mount Fleming,-77.55,160.1
Антарктида,Mount Freeman,-72.7167,168.35
Антарктида,Mount Freed,-71.4833,164.333
Антарктида,Mount Freya,-77.6,160.85
Антарктида,Mount Frustum,-73.383333333,162.916666666
Антарктида,Mount Gawn,-71.9167,165.183
Антарктида,Mount Gawn,-71.91667,165.18333
Антарктида,Mount George Murray,-75.9,161.833
Антарктида,Willan Nunatak,-62.6538,-60.2756
Антарктида,Williams Peak,-77.9667,163.95
Антарктида,Wilson Portal,-84.4667,-178.9
Антарктида,Woodall Peak,-84.2833,178.633
Антарктида,Фрисланд,-62.670805555,-60.186305555
Антарктида,Helmet Peak,-62.65747667,-60.03086333
Антарктида,Helmet Peak,-62.65,-60.0167
Антарктида,Mount Farrell,-78.35,-85.05
Антарктида,Mount Phillips,-73.01667,167.25
Антарктида,Mount Murchison,-73.420991666,166.298288888
Антарктида,Mount Murchison,-73.41667,166.3
Антарктида,Mount Marston,-76.9,162.2
Антарктида,Mount Marston,-76.9,162.2
Антарктида,Fivemile Rock,-63.4833,-57.05
Антарктида,Matchless Mountain,-76.63333333,161.58333333
Антарктида,Mount McCarthy,-72.58333333,166.23333333
Антарктида,Mount Midnight,-71.9333,167.467
Антарктида,Miller Peak,-70.98333,162.87333
Антарктида,Miller Peak,-70.98333333,162.88333333
Антарктида,Murphy Peak,-77.98333333,164.06666667
Антарктида,Mount Nagata,-71.35,162.78333
Антарктида,Mount Nagata,-71.35,162.783333333
Антарктида,New Mountain,-77.86667,161.11667
Антарктида,Mount Peleus,-77.48333333,162.08333333
Антарктида,Mount Radspinner,-71.48333333,164.55
Антарктида,Mount Spatz,-72.68333333,160.55
Антарктида,Mount Tokoroa,-71.21666667,162.83333333
Антарктида,Mount Tokoroa,-71.21666667,162.83333333
Антарктида,Mount Troubridge,-71.13333333,167.73333333
Антарктида,Tukeri Peak,-77.28194,161.69194
Антарктида,Mount Verhage,-71.38333333,163.7
Антарктида,Mount Weihaupt,-72.616666666,161.05
Антарктида,Mount Amherst,-86.5333,-153.1
Антарктида,Worcester Summit,-82.6,-52.3667
Антарктида,Worswick Hill,-60.5667,-45.7333
Антарктида,Wyatt Hill,-74.53333,-110.45
Антарктида,Wyatt Hill,-74.5333,-110.45
Антарктида,Zograf Peak,-62.6518,-60.1483
Антарктида,Zuncich Hill,-75.8333,-142.85
Антарктида,Mount Griffin,-71.183305555,166.267
Антарктида,Mount Gunn,-76.86667,160.7
Антарктида,Mount Gunn,-76.86666667,160.7
Антарктида,Hawkes Heights,-72.5333,169.7
Антарктида,Mount Helios,-77.4478,162.327
Антарктида,Mount Hemphill,-70.98333333,165.1
Антарктида,Mount Joli,-66.6667,140.017
Антарктида,Mount Joli,-66.66306,140.01472
Антарктида,Mount Faraway,-79.2,-28.8167
Антарктида,Hoehn Peak,-77.6333,162.3
Антарктида,Mount Holdsworth,-72.1333,166.583
Антарктида,Mount Holm-Hansen,-77.6,162.183
Антарктида,Inan Peak,-78.333333333,162.633333333
Антарктида,Mount Janus,-71.06667,163.1
Антарктида,Mount Janus,-71.06666667,163.1
Антарктида,Mount Kowalczyk,-77.93333333,163.78333333
Антарктида,Mount Kuipers,-77.91666667,161.4
Антарктида,Mount Lama,-78.07333667,163.69916667
Антарктида,Mount Lama,-78.06666667,163.7
Антарктида,Mount Lepanto,-72.7333,168.45
Антарктида,Mount Dayton,-85.7333,-158.683
Антарктида,Mount Don Pedro Christophersen,-85.5333,-165.783
Антарктида,Mount Durham,-85.55,-151.2
Антарктида,Mount Ewart,-78.1333,166.133
Антарктида,Mount Ewart,-78.13333,166.13333
Антарктида,Mount Ferguson,-84.93666333,-168.58249667
Антарктида,Mount Ferguson,-84.9333,-168.583
Антарктида,Heale Peak,-81.5833,160.067
Антарктида,Mount Hāwea,-82.8333,161.867
Антарктида,Mount Hofmann,-82.6667,160.6
Антарктида,Mount Hofmann,-82.66083667,160.62
Антарктида,Mount Johnstone,-85.05,-167.75
Антарктида,Mount Justman,-84.5833,-172.933
Антарктида,Kip Peak,-84.5167,164.467
Антарктида,Mount Kolp,-81.65,161.7
Антарктида,Kooyman Peak,-82.7167,162.817
Антарктида,Mount Kyffin,-83.8,171.633
Антарктида,Mount Llano,-84.8,-173.35
Антарктида,Lowe Peak,-81.6667,161.367
Антарктида,Mount Maloney,-85.68333,-163.58333
Антарктида,Mount Maloney,-85.6833,-163.583
Антарктида,Mayeda Peak,-84.6,164.683
Антарктида,Mount Mason,-84.71083667,-169.8325
Антарктида,Mount Mason,-84.71083667,-169.8325
Антарктида,Mount Mason,-84.7167,-169.8
Антарктида,Mount Mason,-84.7167,-169.8
Антарктида,Mount Melania,-78.1167,166.133
Антарктида,Mercik Peak,-85.0833,-169.1
Антарктида,Mount Munson,-84.8,-174.433
Антарктида,Hopalong Nunatak,-81.55,-28.75
Антарктида,Melville Peak,-62.0167,-57.6833
Антарктида,Drinov Peak,-62.952222222,-62.488888888
Антарктида,Gluck Peak,-71.7,-72.6833
Антарктида,Mount Pendragon,-61.25,-55.2333
Антарктида,Sumrall Peak,-82.8,-53.55
Антарктида,Hoggestabben Butte,-72.0,3.96667
Антарктида,Mount Petlock,-85.41666667,172.26666667
Антарктида,Mount Przywitowski,-86.6,-154.133
Антарктида,Mount Robert Scott,-83.81666667,172.8
Антарктида,Mount Ruth,-86.3,-151.75
Антарктида,Mount Salisbury,-85.6333,-153.617
Антарктида,Mount Salisbury,-85.63333,-153.61667
Антарктида,Mount Saltonstall,-86.8833,-154.3
Антарктида,Mount Ubique,-81.5,160.53333333
Антарктида,Mount Westminster,-84.98333333,169.36666667
Антарктида,Hutchison Hill,-66.9333,-65.7
Антарктида,Sagittate Hill,-77.5167,162.967
Антарктида,Harnasie Hill,-62.1833,-58.2667
Антарктида,Holt Nunatak,-64.2833,-59.35
Антарктида,Billie Peak,-64.75,-63.3833
Антарктида,Elfring Peak,-78.5833,-84.9667
Антарктида,Honnywill Peak,-80.5167,-29.1333
Антарктида,MacDonald Peak,-77.6667,-86.6667
Антарктида,Mendenhall Peak,-85.4,-87.3167
Антарктида,Mount Ancla,-64.8167,-63.6833
Антарктида,Mount Allen,-78.6961,-85.0194
Антарктида,Mount Allen,-78.6961,-85.0194
Антарктида,Mount Barre,-67.5,-68.55
Антарктида,Mount Benson,-78.6064,-84.5308
Антарктида,Mount Benson,-78.61667,-84.45
Антарктида,Mount Barden,-77.85,-86.2167
Антарктида,Mount Banck,-64.9,-63.05
Антарктида,Mount Blunt,-68.8,-65.8
Антарктида,Mount Blunt,-68.80173,-65.75624
Антарктида,Mount Bistre,-65.04879667,-62.07326667
Антарктида,Mount Bistre,-65.05,-62.05
Антарктида,Mount Bulcke,-64.4833,-62.6167
Антарктида,Mount Bruns,-84.4833,-64.3833
Антарктида,Mount Cloos,-65.1167,-63.95
Антарктида,Mount Crawford,-77.7167,-86.4667
Антарктида,Mount Dover,-83.7667,-55.8333
Антарктида,Mount Gozur,-78.1167,-85.5
Антарктида,Mount Hummer,-83.2833,-50.1
Антарктида,Mount Lymburner,-77.4333,-86.5
Антарктида,Mount Moberly,-64.733333333,-63.683333333
Антарктида,Mount Moberly,-64.73853,-63.66769
Антарктида,Mount Ojakangas,-77.6,-86.25
Антарктида,Mount Shear,-78.3333,-86.1333
Антарктида,Mount Taylor,-63.4333,-57.1333
Антарктида,Mount Taylor,-63.42555,-57.13283
Антарктида,Mount Wyatt,-86.76167,-154.025
Антарктида,Mount Wyatt,-86.76167,-154.025
Антарктида,Olsen Peak,-77.5333,-86.4833
Антарктида,Pepper Peak,-83.2,-57.9167
Антарктида,Mount Adam,-71.7775,168.610555555
Антарктида,Burrage Dome,-75.55,161.08333333
Антарктида,Mount Atkinson,-78.65,-85.483
Антарктида,Mount Jacquinot,-63.36666667,-57.88333333
Антарктида,Mount Jacquinot,-63.35489,-57.88034
Антарктида,Lulow Rock,-85.6,-68.5
Антарктида,McCauley Rock,-83.03333333,-48.88333333
Антарктида,Midkiff Rock,-77.46666667,-145.1
Антарктида,Miller Crag,-73.66666667,-94.7
Антарктида,Mount Buckley,-84.96500333,163.92916333
Антарктида,Mount Buckley,-84.96666667,163.93333333
Антарктида,Mount Hayes,-66.82394,-64.17799
Антарктида,Mount Hayes,-66.83333333,-64.16666667
Антарктида,Mount Holmes,-66.78333333,-64.26666667
Антарктида,Mount Holmes,-66.79226,-64.25126
Антарктида,Mount Mecheva,-66.50305556,-64.00333333
Антарктида,Corbet Peak,-78.5253,-85.5472
Антарктида,Hollister Peak,-78.5453,-85.5886
Антарктида,Marts Peak,-78.5383,-85.4019
Антарктида,Mount Dawson,-77.7667,-86.35
Антарктида,Mount Reimer,-77.8,-86.2
Антарктида,Mount Segers,-78.416666666,-85.35
Антарктида,Mount Ulmer,-77.58333,-86.15
Антарктида,Mount Ulmer,-77.5833,-86.15
Антарктида,Wall Rock,-83.1333,-56.95
Антарктида,Wall Rock,-83.133,-56.95
Антарктида,The Minaret,-64.77287,-63.65976
Антарктида,The Minaret,-64.7667,-63.65
Антарктида,Schoening Peak,-78.5267,-85.4658
Антарктида,Chaplin Peak,-78.7008,-85.4586
Антарктида,Stikal Peak,-78.8731,-84.7825
Антарктида,Wahlstrom Peak,-78.5497,-85.5247
Антарктида,Wild Knoll,-78.767833333,-86.486888888
Антарктида,Zabergan Peak,-66.6167,-64.1081
Антарктида,Mount Henry,-83.8667,172.067
Антарктида,Mount Henry,-83.86667,172.06667
Антарктида,Mount Alf,-77.9167,-86.1167
Антарктида,Mount Bentley,-78.11667,-86.23333
Антарктида,Mount Bentley,-78.1167,-86.2333
Антарктида,Branscomb Peak,-78.5158,-85.6956
Антарктида,Gratton Nunatak,-86.1,-127.767
Антарктида,Keyser Nunatak,-77.6,-145.917
Антарктида,Roadend Nunatak,-79.8,158.033
Антарктида,Rutland Nunatak,-81.6,156.133
Антарктида,Hengist Nunatak,-69.0,-70.2333
Антарктида,Selene Nunatak,-71.1333,-68.8
Антарктида,Downs Nunatak,-69.6,-66.6667
Антарктида,Holtet Nunatak,-74.8333,-73.9333
Антарктида,House Nunatak,-74.9333,-72.95
Антарктида,Marion Nunataks,-69.75,-75.25
Антарктида,Metzgar Nunatak,-74.4667,-72.4167
Антарктида,Neff Nunatak,-74.9667,-72.1333
Антарктида,Whitmill Nunatak,-74.8833,-73.15
Антарктида,Hesteskoen Nunatak,-71.8667,27.25
Антарктида,Müller Crest,-72.18333,8.11667
Антарктида,Müller Crest,-72.1833,8.13333
Антарктида,Mount Camber,-64.6833,-63.2667
Антарктида,Mount Ditte,-67.7167,-68.6167
Антарктида,Strachey Stump,-80.6833,-23.1667
Антарктида,Mount Davis,-78.1,-86.25
Антарктида,Mount Hale,-78.06667,-86.31667
Антарктида,Mount Hale,-78.06666667,-86.31666667
Антарктида,Mount Ostenso,-78.319722222,-86.1225
Антарктида,Mount Schmid,-77.96666667,-85.66666667
Антарктида,Mount Goldthwait,-77.98333333,-86.05
Антарктида,Mount Goldthwait,-77.98333,-86.05
Антарктида,Mount Klayn,-78.660833333,-86.28175
Антарктида,Mount Wyatt Earp,-77.56667,-86.41667
Антарктида,Mount Wyatt Earp,-77.56666667,-86.41666667
Антарктида,Clinch Peak,-78.53555556,-85.5125
Антарктида,Mount Dalrymple,-77.93333333,-86.05
Антарктида,Mount Dalrymple,-77.93333,-86.05
Антарктида,Mount Warren,-77.71667,-85.95
Антарктида,Mount Warren,-77.71666667,-85.95
Антарктида,Mount Giovinetto,-78.26666667,-86.16666667
Антарктида,Mount Levack,-78.3,-85.08333333
Антарктида,Mount Levack,-78.3,-85.08333
Антарктида,Knutzen Peak,-78.49638889,-85.94305556
Антарктида,Mount Thor,-77.58333333,160.6833333
Антарктида,Mount Thor,-77.58333,160.68333
Антарктида,Thompson Peak,-69.41667,157.66667
Антарктида,Thompson Peak,-69.41666667,157.6666667
Антарктида,Mount Vinson,-78.5252778,-85.6172222
Антарктида,Mount Charles,-67.38333,50.0
Антарктида,Mount Priam,-64.55347,-63.39998667
Антарктида,Mount Predoehl,-82.93333,163.18333
Антарктида,Bell Rock,-71.61348,-66.33897
Антарктида,Bell Rock,-71.5833333,-66.4333333
Антарктида,Mount Petras,-75.86667,-128.65
Антарктида,Perov,-72.56667,31.16667
Антарктида,Mount Paterson,-78.039444444,-155.005
Антарктида,Beehive Mountain,-77.65,160.56667
Антарктида,Pams,-78.05,163.9
Антарктида,Pallas Peak,-72.09874,-69.73219
Антарктида,Mount Bishop,-83.72333,168.70167
Антарктида,Smith Peak,-72.25,-99.08333
Антарктида,Mount Skarshovden,-71.7833,11.6167
Антарктида,Mount Skarshovden,-71.7833333,11.6333333
Антарктида,Simpson Peak,-67.71667,50.11667
Антарктида,Mount Simmonds,-70.333333,159.55
Антарктида,Mount Simmonds,-70.33333,159.56667
Антарктида,Sheets Peak,-85.46667,-125.86667
Антарктида,Mount Shaw,-69.95,64.55
Антарктида,Sharp Peak,-66.03442667,-65.29415333
Антарктида,Shafer Peak,-74.01834,162.59333
Антарктида,Mount Allen,-77.4,162.5333333
Антарктида,Monte Cassino,-72.31667,163.66667
Антарктида,Mont Caroline,-66.66333,140.01333
Антарктида,Allaire Peak,-84.88333,-170.9
Антарктида,Mount Cameron,-71.33333,66.46667
Антарктида,Mount Cameron,-71.3333333,66.5
Антарктида,Camelot,-72.18333,163.61667
Антарктида,Buttress Peak,-84.45,164.26667
Антарктида,Decennial Peak,-84.36667,166.03333
Антарктида,Debenham Peak,-67.35,50.43333
Антарктида,Mount Dasinger,-83.216,-55.05
Антарктида,Mount Dick,-80.81667,158.53333
Антарктида,Dickason,-74.4,163.96667
Антарктида,Devils Peak,-60.65,-45.45
Антарктида,Downfall,-64.8,-62.366
Антарктида,Mount Achilles,-64.47923,-63.52678
Антарктида,Mount Anne,-83.8,168.5
Антарктида,"Edward, Mount",-75.2,-69.55
Антарктида,"Edward, Mount",-75.18915,-69.55468
Антарктида,Mount Edwards,-76.835,-144.12000333
Антарктида,Echo Mountain,-60.61458,-45.67903
Антарктида,Dunlop Peak,-67.94778,62.46417
Антарктида,Mount Achilles,-71.88333,168.13333
Антарктида,Mount Dromedary,-78.31667,163.03333
Антарктида,Mount Robinson,-71.83333,169.81667
Антарктида,Sellery,-84.96667,-172.75
Антарктида,Mount Seelig,-82.46667,-103.9
Антарктида,Mount Schopf,-84.8,-113.41667
Антарктида,Mount Schopf,-84.8,-113.4166667
Антарктида,Schmitter Peak,-71.25639,66.31306
Антарктида,Mount Saunders,-85.35,165.43333
Антарктида,Ahmadjian Peak,-83.68333,168.7
Антарктида,Mount Sabine,-71.9166667,169.55
Антарктида,Mount Sabine,-71.91833667,169.55166667
Антарктида,Berry Hill,-63.811,-57.833
Антарктида,Round Mountain,-77.68333,161.1
Антарктида,Rotunda,-78.01667,161.56667
Антарктида,Mount Rogers,-80.55,-29.4333333
Антарктида,Mount Rogers,-80.54351667,-29.34598333
Антарктида,Rogers Peak,-79.34305556,-84.24444444
Антарктида,Rogers Peak,-79.35,-84.23333
Антарктида,Mount Summerson,-82.71667,155.08333
Антарктида,Mount Fox,-83.63916333,169.24333333
Антарктида,Fortress Hill,-63.93136,-57.50875
Антарктида,Flat Top,-84.7,172.83333
Антарктида,Flat Top,-80.44383,-28.36928
Антарктида,Flagstaff Hill,-62.07891,-58.40796
Антарктида,Mount Fisher,-85.10333333,-171.04416667
Антарктида,Finley,-85.01000333,-173.94000333
Антарктида,Finger Mountain,-77.75,160.66667
Антарктида,Mount Feather,-77.95,160.35
Антарктида,Faure Peak,-85.7,-128.58333
Антарктида,Elton Hill,-68.81849,-66.52546
Антарктида,Mount Ellery,-69.88333,159.63333
Антарктида,Eldridge Peak,-84.85,-116.83333
Антарктида,Mount Glasgow,-71.13333,162.91667
Антарктида,Gillies Rock,-83.116,-54.75
Антарктида,Gillet,-72.56667,31.38333
Антарктида,Mount Giddings,-67.4,50.73333
Антарктида,Giddings Peak,-70.2,64.73333
Антарктида,Gibbs,-73.81667,162.93333
Антарктида,"Gardner, Mount",-70.41111,65.90333
Антарктида,Ark,-80.69138,-24.7886
Антарктида,Horn,-63.64121,-57.57621
Антарктида,Mount Hoge,-72.58333,31.41667
Антарктида,Adamson,-73.91667,163.0
Антарктида,Adamson,-73.55,163.0
Антарктида,Mount Hill,-70.93565,-61.65565
Антарктида,High,-73.57005,-62.08617
Антарктида,Mount Hewson,-73.96667,162.63333
Антарктида,Mount Hector,-64.57875,-63.37634
Антарктида,Mount Hay,-71.08722,65.63333
Антарктида,Mount Hay,-71.1,65.65
Антарктида,Mount Harwood,-70.73333,165.81667
Антарктида,Hartigan,-76.8,-126.0
Антарктида,Mount Harrington,-85.57167,-164.02166667
Антарктида,Mount Harper,-84.05,-57.05
Антарктида,Hammer Hill,-61.07459667,-55.34468667
Антарктида,Hammer Hill,-61.0666667,-55.35
Антарктида,Mount Hager,-70.88333,162.8
Антарктида,Hagerty Peak,-75.28771,-68.19176
Антарктида,Astro Peak,-83.483,-57.0
Антарктида,Grizzly Peak,-85.96667,-151.36667
Антарктида,Gray Hill,-82.92989,-48.43895
Антарктида,Mount Gould,-85.8,-148.66667
Антарктида,Mount Gould,-85.8,-148.6666667
Антарктида,Mount Gough,-81.64333,159.39167
Антарктида,Mount Arthur,-67.65,49.86667
Антарктида,Golden Cap,-84.33333,164.43333
Антарктида,Goat Mountain,-77.91667,163.83333
Антарктида,Mount Glossopteris,-84.73333,-113.71667
Антарктида,Koopman Peak,-85.48333,-125.58333
Антарктида,Knausen,-66.36667,53.21667
Антарктида,Mount King,-69.89878,-69.4353
Антарктида,Mount St. Louis,-67.13244,-67.49633
Антарктида,Stuart,-72.55,162.25
Антарктида,Mount Stinear,-73.07528,66.3625
Антарктида,Mount Stanley,-84.15,165.48333
Антарктида,The Spire,-78.15,161.61667
Антарктида,The Spire,-68.3,-66.88333333
Антарктида,Spießgipfel,-72.96667,-3.83333
Антарктида,Soyat,-85.86667,-130.76667
Антарктида,Urbanak Peak,-84.63333,-111.91667
Антарктида,Turk Peak,-81.03333,158.38333
Антарктида,Mount Torbert,-83.5,-54.4166667
Антарктида,Mount Torbert,-83.5,-54.416
Антарктида,Tolchin,-85.1,-65.2
Антарктида,Block Mountain,-70.466,-68.85
Антарктида,Terwileger,-75.22593,-64.73917667
Антарктида,Terminal Peak,-75.88333,158.4
Антарктида,Mount Van Mieghem,-72.6,31.23333
Антарктида,Van der Essen,-72.58333,31.38333
Антарктида,Taylor Peak,-72.2,168.65
Антарктида,Tabular Mountain,-77.86666667,160.23333333
Антарктида,Table Mountain,-77.96166667,162.04916667
Антарктида,Mount Zirzow,-83.133,-49.1
Антарктида,Mount Kennedy,-67.8666667,66.2166667
Антарктида,Mount Kennedy,-67.86667,66.23333
Антарктида,Mount Kelsey,-80.45,-22.316667
Антарктида,Mount Kelsey,-80.44804,-22.30589
Антарктида,Mount Josephine,-77.55,-152.8
Антарктида,Mount Johnston,-64.74916667,-61.80666667
Антарктида,Mount Jacklyn,-70.26667,65.83333
Антарктида,Iversen Peak,-84.61667,-111.43333
Антарктида,Imbert,-72.56667,31.46667
Антарктида,Hunt Mountain,-82.08333333,159.26666667
Антарктида,McGregor,-70.61778,66.72389
Антарктида,Mount Matheson,-75.0833333,-72.1666667
Антарктида,Marujupu Peak,-76.5166667,-145.6166667
Антарктида,Mount Macpherson,-82.48333,155.83333
Антарктида,Low Nunatak,-77.07361111,161.95
Антарктида,Mount Locke,-71.4,169.1
Антарктида,Little Thumb,-68.30909,-66.89375
Антарктида,Mount Ballard,-75.19902,-70.07965
Антарктида,Lewis Hill,-63.85046,-58.06323
Антарктида,Mount Lee,-71.55817,-74.10498
Антарктида,Mount Lecointe,-83.15,161.15
Антарктида,Mount Lechner,-83.233,-50.916
Антарктида,Le Vaux Peak,-76.66667,-125.71667
Антарктида,Launoit,-72.56667,31.45
Антарктида,Mount Balder,-77.58333,160.56667
Антарктида,Raney Peak,-77.217222222,160.521388888
Антарктида,Mount Lewis,-77.241227,161.511475
Антарктида,Hott Peak,-77.21111111,161.50305556
Антарктида,Mount Hubel,-77.22416667,161.87666667
Антарктида,Mount Hubel,-77.22437,161.895672
Антарктида,Mount Youngman,-77.25,-154.35
Антарктида,Mount Yarbrough,-84.4,-66.0
Антарктида,Mount Woodward,-77.3,-145.783333
Антарктида,Mount Woodward,-77.28333,-145.5
Антарктида,Wilson Peak,-78.86667,-84.8
Антарктида,Mount Willing,-71.8,66.83333
Антарктида,Mount White,-85.15666667,170.25833333
Антарктида,Wexler,-84.50083333,175.03583667
Антарктида,Watts Summit,-83.20559,-50.49129
Антарктида,The Watchtower,-64.36394,-57.35623
Антарктида,Mount Warnke,-84.3333333,-64.9166667
Антарктида,Mount Warnke,-84.333,-64.833
Антарктида,Wallnerspitze,-74.3,-9.73333333
Антарктида,Wallnerspitze,-74.3,-9.73333
Антарктида,Mount Bonaparte,-83.08333,160.83333
Антарктида,Vogt Peak,-82.3666667,156.7333333
Антарктида,Bolton,-85.93333,-129.71667
Антарктида,Hetha Peak,-77.53055556,162.52583333
Антарктида,Mount Hubbard,-78.37583667,163.70667
Антарктида,Holteberg,-69.4,157.85
Антарктида,Coalbed Mountain,-77.19777778,160.29472222
Антарктида,Jatko Peak,-77.18916667,161.00305556
Антарктида,Mount Bevilacqua,-77.23222222,162.47916667
Антарктида,Mount Bevilacqua,-77.23222,162.47917
Антарктида,Mount Brigham,-77.11667,162.2925
Антарктида,Mick Peak,-77.19194444,161.38388889
Антарктида,Mount Lightbody,-78.07972667,162.82777333
Антарктида,Bastion Peak,-66.16441,-63.5836
Антарктида,Bastin,-72.53333,31.25
Антарктида,Mount Moriarty,-73.67,165.97
Антарктида,Mount Moriarty,-73.66667,165.96667
Антарктида,Mount Morgan,-76.88333,-143.56667
Антарктида,Mount Moody,-71.51667,162.86667
Антарктида,Mount Moody,-71.5166667,162.8666667
Антарктида,Benninghoff,-77.91667,161.31667
Антарктида,Mount Radlinski,-82.55,-103.66667
Антарктида,Mount Rabot,-83.18333,161.28333
Антарктида,Mount Queensland,-74.26667,163.93333
Антарктида,The Pyramid,-63.43333,-57.01667
Антарктида,Pyramid Mountain,-77.76667,160.66667
Антарктида,Beaumont Hill,-64.01248,-62.00019
Антарктида,Omega Peak,-72.15,166.05
Антарктида,Mount Odin,-66.43155,-64.06117
Антарктида,The Obelisk,-71.8333333,-70.55
Антарктида,The Obelisk,-71.83333,-70.55
Антарктида,Mount Agamemnon,-64.63759,-63.48622
Антарктида,O'Connell Nunatak,-84.716,-65.133
Антарктида,Mount Noel,-69.916667,-67.916667
Антарктида,Mount Noel,-69.90914,-67.9376
Антарктида,Mount Nimrod,-85.41667,165.75
Антарктида,Mount Harcourt,-83.816667,172.416667
Антарктида,Mount Harcourt,-83.683333333,172.683333333
Антарктида,Devils Thumb,-77.01667,162.36667
Антарктида,Webb Peak,-77.65,162.383333333
Антарктида,Webb Peak,-77.646,162.398
Антарктида,Ponder Peak,-77.4875,162.785
Антарктида,Graham,-85.41667,-146.75
Антарктида,Chapel Hill,-63.68496,-57.97586
Антарктида,Mount Brundage,-75.27755,-65.4645
Антарктида,La Gorce Peak,-77.61667,-153.36667
Антарктида,Haystack Mountain,-77.05,162.68333
Антарктида,Cocked Hat,-77.25,162.75
Антарктида,Bergnunatak West,-69.13333,155.7
Антарктида,Bergnunatakker Ost,-69.25,156.33333
Антарктида,Schauinsland,-68.1,-67.01667
Антарктида,Brouwer,-72.58333,31.43333
Антарктида,Mount Brockelsby,-67.56667,50.18333
Антарктида,Rada Peak,-78.61666667,-85.21666667
Антарктида,Myers,-72.11667,170.03333
Антарктида,Mount Malfait,-73.0833333,168.15
Антарктида,Mount Malfait,-73.08333,168.15
Антарктида,Mount Koger,-77.8333333,159.55
Антарктида,Mount Koger,-77.83333,159.55
Антарктида,Epperly Ridge,-78.41666667,-85.75
Антарктида,Bugueño Pinnacle,-78.61666667,-85.25
Антарктида,Seelig Peak,-82.43333333,163.96666667
Антарктида,Arnaudo,-84.06667,172.66667
Антарктида,Salyer Ledge,-77.28777778,160.82333333
Антарктида,Mount Majerus,-77.27111,161.65417
Антарктида,Loewenstein Peak,-77.30388889,161.13833333
Антарктида,Lazzara Ledge,-77.37694444,160.77
Антарктида,Finnemore Peak,-77.39722222,160.86555556
Антарктида,Conway Peak,-77.37027778,160.89583333
Антарктида,Mount Brearley,-77.8,161.75
Антарктида,Forsyth Peak,-77.30694444,161.17055556
Антарктида,Balsley Peak,-77.63333,-153.6
Антарктида,Mount Bevin,-71.9,169.45
Антарктида,McNaughton Ridges,-67.53333,50.45
Антарктида,Mount Waterman,-84.45,175.416667
Антарктида,Mount Albion,-70.2875,65.64028
Антарктида,Young Peaks,-81.2333333,158.7
Антарктида,Mount Stewart,-80.98333,158.53333
Антарктида,Glevum Ridge,-80.03333,155.83333
Антарктида,Braddock Peak,-72.45,166.46667
Антарктида,Airthrey,-78.0333333,163.95
Антарктида,Chiavari peak,-79.86306,-82.6875
Антарктида,Weigelnunatak,-74.26667,-9.61667
Антарктида,Koi Peak,-77.73333333,162.7
Антарктида,Mount Knox,-77.53333,163.26667
Антарктида,Mount Alfred,-70.31133,-69.23369
Антарктида,Burnett,-67.88722,62.74222
Антарктида,Mount Alexander,-63.3039,-55.80564
Антарктида,Büdelberg,-62.2,-59.0
Антарктида,Mount Alekseyev,-67.45,50.55
Антарктида,Anakiwa,-73.0,165.71667
Антарктида,Mount Currie,-67.7,49.2
Антарктида,Mount Cumming,-76.66667,-126.0
Антарктида,Mount Csejtey,-82.5,155.83333
Антарктида,Crown Mountain,-86.29916667,-158.6725
Антарктида,The Crest,-63.40636,-56.99204
Антарктида,The Crest,-63.4064,-56.992
Антарктида,Mount Craven,-71.13333,165.25
Антарктида,Coronet Peak,-71.65,164.35
Антарктида,Copper Peak,-64.71666667,-63.35
Антарктида,Mount Cooper,-77.14999667,-145.38583667
Антарктида,Mount Cooper,-70.53167,67.29722
Антарктида,Mount Cook,-67.91667,56.46667
Антарктида,Clement Hill,-62.22149,-58.97323
Антарктида,Cleft Peak,-83.92750333,173.55583667
Антарктида,Clayton Hill,-65.16888,-64.14034
Антарктида,Clark Peak,-77.51667,-154.2
Антарктида,Altar Peak,-86.06667,-150.38333
Антарктида,Mount Chapman,-82.58333,-105.91667
Антарктида,Centennial Peak,-84.95,-174.0
Антарктида,Mount Armstrong (Antarctica),-85.833333333,-157.2
Антарктида,Mount Rees,-76.66667,-118.16667
Антарктида,Mount Rees,-76.66666667,-118.16666667
Антарктида,Mount Flint,-75.73333,-129.1
Антарктида,Mount Flint,-75.8666667,-128.65
Антарктида,Mount Sturm,-71.05,162.966667
Антарктида,Adams Peak,-81.633333333,160.066666666
Антарктида,Adams Peak,-81.63333,160.06667
Антарктида,Mount Dragovan,-77.38278,160.71028
Антарктида,Mount George,-67.71667,50.0
Антарктида,Mount Analogue,-85.81667,-138.08333
Антарктида,Mount Analogue,-85.816666666,-138.083333333
Антарктида,Mount Isaac,-77.29667,161.325
Антарктида,Mount Novak,-77.28389,161.28611
Антарктида,Mount James,-77.20083333,161.48277778
Антарктида,Mount James,-77.2,161.48333
Антарктида,Mount Basurto,-76.93333333,160.7
Антарктида,Mount Basurto,-76.93916333,160.70166667
Антарктида,Mount Smart (Antarctica),-74.8833333,-71.2333333
Антарктида,връх Папрат,-64.43833333,-62.53027778
Антарктида,Mount Saga,-77.54666667,162.44861111
Антарктида,Mount Saga,-77.39583,162.45249667
Антарктида,The Hump,-64.35,-63.25
Антарктида,The Hump,-64.3,-63.26667
Антарктида,Mount Balfour,-69.31666667,-67.21666667
Антарктида,Mount Balfour,-69.31365,-67.2033
Антарктида,Mount Carroll,-63.43408,-57.06196
Антарктида,Mount Carroll,-63.43333333,-57.05
Антарктида,Mount Evans,-77.25555556,162.47444444
Антарктида,Beacon Hill,-68.06666667,-66.38333333
Антарктида,Beacon Hill,-68.07057,-66.37576
Антарктида,McLeod Hill,-68.07068,-66.46159
Антарктида,Henry Mesa,-79.0833,159.067
Антарктида,Lars Christensen Peak,-68.833333333,-90.616666666
Антарктида,Mount Terror,-77.516666666,168.533333333
Антарктида,Mount Wharton,-81.04916667,157.79250333
Антарктида,Mount Albert Markham,-81.38833,158.2
Антарктида,Mount Zinkovich,-81.13333,158.23333
Антарктида,Mount Isbell,-82.36667,156.4
Антарктида,Mount Tuatara,-80.56667,158.33333
Антарктида,Mount Iphigene,-76.46667,-145.66667
Антарктида,Mount Theaker,-70.3,159.63333
Антарктида,Mount Barnes,-77.63333,163.58333
Антарктида,Mount O'Shea,-70.25417,65.5975
Антарктида,Mount Smithson,-84.99916333,-172.18417
Антарктида,Mount Starlight,-70.2,64.48333
Антарктида,Mount Rymill,-73.01667,65.83333
Антарктида,Mount Rea,-77.07500333,-145.61666333
Антарктида,Mount LeSchack,-85.41667,-124.0
Антарктида,Mount Minshew,-85.71667,-129.36667
Антарктида,Lentz Buttress,-85.666667,-127.6
Антарктида,Mount Biscoe,-66.21667,51.36667
Антарктида,Mount Harmsworth,-78.68333,160.93333
Антарктида,Mount Ida,-83.583333,170.483333
Антарктида,Mount Macdonald,-84.51833667,173.15000333
Антарктида,Mount Egerton,-80.83333,157.91667
Антарктида,Mount Field,-80.88333,158.0
Антарктида,Mount Hamilton,-80.66667,158.3
Антарктида,Pyramid Mountain,-81.33333,157.3
Антарктида,Mount Stirling,-71.55,164.12583667
Антарктида,Mount Olympus,-80.21000333,156.76000333
Антарктида,Mount Odin,-77.58333,161.65
Антарктида,Mount Washburn,-77.61667,-86.13333
Антарктида,Mount Oliver,-84.93499667,-173.73416333
Антарктида,Mount Campbell,-84.91667,-174.0
Антарктида,Mount Baker,-84.73833,-172.355
Антарктида,Mount Baker,-84.73833,-172.355
Антарктида,Mount Daniel,-84.9,-170.28333
Антарктида,Sentinel Peak,-77.78333,162.38333
Антарктида,Mount Nares,-81.45,158.1666667
Антарктида,Mount Nares,-81.45,158.16667
Антарктида,Mount Powell,-85.35,-87.93333
Антарктида,Mount Nestor,-64.41473,-63.43451
Антарктида,Mount Nestor,-64.4166667,63.4666667
Антарктида,Mount Zanuck,-85.96667,-151.16667
Антарктида,Mount Ford,-70.95,162.8666667
Антарктида,Mount Ford,-70.95,162.86667
Антарктида,Mount Helen,-64.53119,-63.59856
Антарктида,Mount Helen,-64.5333333,63.6333333
Антарктида,Mount Shields,-70.1833333,159.9333333
Антарктида,Mount Shields,-70.18333,159.93333
Антарктида,Mount Augustana,-85.226667,-174.353333
Антарктида,Mount Donaldson,-84.61167,172.1625
Антарктида,Mount Donaldson,-84.616666944,172.2
Антарктида,Mount Luyendyk,-76.488889,-146.029722
Антарктида,Diamond Peak,-54.2024,-36.6307
Антарктида,Mount Hush,-77.246282,161.770785
Антарктида,Връх Кожух,-69.678333333,-70.921388888
Антарктида,Mount Diamond,-67.823611111,-66.750555555
Антарктида,Mount Tod,-77.8502891,163.0411594
Антарктида,Österreichspitze,-71.87442,8.91406
Антарктида,Steirerturm,-71.86975,8.91664
Антарктида,Gipfel der Stille,-71.91644,9.05781
Антарктида,Mount Takahe,-76.3,-112.1
Африка,Crête de la Novara,-38.715,77.52
Африка,Crête de la Novara,-38.71341,77.52224
Африка,Нямурагира,-1.408333333,29.2
Африка,San Antonio,28.485919444,-17.848244444
Африка,Нирагонго,-1.516666666,29.25
Африка,Pico viejo,28.263888888,-16.664722222
Африка,Mont de la Dives,-37.8488,77.5484
Африка,Lubak Garo,14.928611111,39.887222222
Африка,Benara,-12.879444444,45.163055555
Африка,San Antonio,28.485919444,-17.848244444
Африка,Monte Hacho,35.8969252,-5.2867421
Африка,Pico de las Nieves,27.961944444,-15.571666666
Африка,Queen Mary's Peak,-37.11175,-12.287805555
Африка,Pico viejo,28.263888888,-16.664722222
Африка,Piton des Neiges,-21.098888888,55.478888888
Африка,Roque de Agando,28.105277777,-17.213611111
Африка,Bonnet de Prêtre,-21.15,55.4917
Африка,Bonnet de Prêtre,-21.14953,55.49167
Африка,Peñas del Chache,29.119413888,-13.520783333
Африка,Crête de la Novara,-38.715,77.52
Африка,Crête de la Novara,-38.71341,77.52224
Африка,Maïdo,-21.068889,55.387778
Африка,Mont de la Dives,-37.8488,77.5484
Африка,Mount Guajara,28.21694444,-16.61166667
Африка,Pico de Malpaso,27.72944444,-18.04055556
Африка,Pico de la Zarza,28.101866666,-14.355566666
Африка,Piton Babet,-21.3811,55.6225
Африка,Piton Montvert,-21.32725,55.53855
Африка,Piton Montvert,-21.3275,55.5392
Африка,Нирагонго,-1.516666666,29.25
Африка,Pico do Fogo,14.949269444,-24.340369444
Африка,Килиманджаро,-3.066666666,37.359166666
Африка,Piton des Neiges,-21.098888888,55.478888888
Африка,Черекечерете,5.83219,0.02885
Африка,Черекечерете,5.832222222,0.028888888
Африка,Sabara Bangou,15.0676,1.978
Африка,Sabara Bangou,15.0776,1.9797
Африка,Ерта Але,13.603,40.6634
Африка,Еми Куси,19.789444444,18.551111111
Африка,Картхала,-11.76028,43.35306
Африка,Нямурагира,-1.408333333,29.2
Африка,Piton de la Fournaise,-21.2425,55.708888888
Африка,Alto de Garajonay,28.109636111,-17.248383333
Африка,Alto de Garajonay,28.109636111,-17.248383333
Африка,Piton Bernica,-21.077145,55.380954
Африка,Morro de la Agujereada,27.960813888,-15.571186111
Евразия,Kleine Gaisl,46.645480184,12.123812455
Европа,Empedocles,37.16361111,12.71861111
Европа,Беренберг,71.079666666,-8.155880555
Европа,Тейде,28.272638888,-16.643611111
Европа,Хекла,63.992222222,-19.665833333
Европа,Katla,63.633333333,-19.05
Европа,Askja,65.03,-16.75
Европа,Vulcano,38.404,14.962
Европа,San Peyre,43.525,6.93722
Европа,Laki,64.0515,-18.2373
Европа,Puy de Chaumont,45.82444,2.96972
Европа,Елбрус,43.35254,42.437875
Европа,Голяма Махиада,41.783333333,27.616666666
Европа,Нютон,79.010555555,17.490833333
Европа,Römerstein,48.5101,9.54371
Европа,Weichenwang,48.1854308,8.9447106
Европа,P.1003,48.1330322,8.7752592
Европа,Bernhardus,48.7500999,9.8873499
Европа,Чамкория,42.25,23.58333
Европа,Хекла,63.992222222,-19.665833333
Европа,Vulcanello,38.425,14.95833333
Европа,Vulcanello,38.42708,14.96374
Европа,Тейде,28.272638888,-16.643611111
Европа,Katla,63.633333333,-19.05
Европа,Askja,65.03,-16.75
Европа,Železná hůrka,49.9917053,12.4441906
Европа,Пюи дьо Дом,45.772,2.9624
Европа,Пюи дьо Дом,45.772,2.9624
Европа,Vysoká,49.172777777,20.094305555
Европа,Vysoká,49.172777777,20.094305555
Европа,Hoher Riffler,47.1160795,10.37113
Европа,Колумбо,36.516667,25.491667
Европа,Grüne Köpfe,47.3605521,10.037364
Европа,Grünhorn,47.323831,10.079349
Европа,Marsili,39.284,14.399
Европа,Ilfenspitzen,47.3174976,10.3888352
Европа,Kleiner Widderstein,47.290089,10.135774
Европа,Aiguanegra volcano,42.204777777,2.517583333
Европа,Q5759504,37.216424,-1.847665
Европа,Volcans de Cabrioler,42.1545,2.49671111
Европа,Volcà de Claperols,42.201361111,2.528166666
Европа,Volcà de Repàs,42.209472222,2.523305555
Европа,Volcà del Cairat,42.205222222,2.526361111
Европа,Puig Subià volcano,42.135333333,2.557861111
Европа,Puig de la Costa volcano,42.14416667,2.52771944
Европа,Puig de Martinyà volcano,42.155722222,2.546972222
Европа,La Canya volcano,42.212083333,2.499027777
Европа,Puig de l'Ós volcano,42.190027777,2.552888888
Европа,Volcà del Puig de Mar,42.14925,2.553611111
Европа,Volcà de Repassot,42.208583333,2.526222222
Европа,Volcà de Sant Marc,42.0674,2.51338
Европа,Komorní Hůrka,50.1008653,12.3367806
Европа,Racó volcano,42.14896,2.47334
Европа,Simon volcano,42.138583333,2.566944444
Европа,Comadega volcano,42.135944444,2.535333333
Европа,Vinařická hora Vinařice u Kladna,50.184975,14.0869014
Европа,Puig de Bellaire volcano,42.185888888,2.532666666
Европа,Mulciber,54.060555555,4.281944444
Европа,L’Estany volcano,42.194388888,2.534083333
Европа,Volcà de Gengí,42.192111111,2.528361111
Европа,Fontpobra volcano,42.127777777,2.536416666
Европа,Tuta de Colltort volcano,42.123777777,2.541055555
Европа,Puig Roig volcano,42.062722222,2.517861111
Европа,Puig de les Medes volcano,42.103083333,2.554055555
Европа,Puig Montner volcano,42.08512,2.65529
Европа,Puig de la Banya del Boch volcano,42.0327,2.67948
Европа,Llacunagra volcano,42.10315,2.55405
Европа,Pomereda volcano,42.15729,2.53002
Европа,Puig s'Agonia volcano,42.15858,2.53947
Европа,Achalm,48.494166666,9.243888888
Европа,Empedocles,37.16361111,12.71861111
Европа,Колумбо,36.516667,25.491667
Европа,Hohenkarpfen,48.0411831,8.7181534
Европа,Kaltes Feld,48.7349109,9.8498379
Европа,Mont Aimé,48.86324,3.99475
Европа,Mont Aimé,48.8642,3.99417
Европа,Moritzberg,49.4659,11.3122
Европа,Moritzberg,49.4659,11.3122
Европа,Cerro de los Ángeles,40.30861111,-3.68444444
Европа,Q106614402,44.51868,10.77995
Европа,Grünenberg,48.8477205,10.1421806
Европа,Burg,48.2723413,9.0215672
Европа,Köbele,48.352529,9.1203447
Европа,Q137456038,53.427391944,49.812626944
Европа,Oberer Berg,48.304878,9.0760381
Европа,Kreuzeck,47.3375,10.3575
Европа,Rothornspitze,47.2901222,10.3594985
Европа,Raptawicka Turnia,49.2395,19.8613
Европа,Cornador Gran,39.75958,2.74709
Европа,Mniszek,49.191505431,20.05359986
Европа,Халти,69.312777777,21.285555555
Европа,Колумбо,36.516667,25.491667
Европа,Wasserfallkarspitze,47.344704,10.486936
Европа,Pla del Torn,42.15695,2.54384
Европа,Vetta Occidentale del Corno Grande,42.4692994,13.565502
Зеландия,Тонгариро (вулканичен масив),-39.129722222,175.635833333
Океания,Мауна Кеа,19.820555555,-155.468055555
Океания,Руапеху,-39.281666666,175.568611111
Океания,Terevaka,-27.084444444,-109.379444444
Океания,Poike,-27.105322222,-109.25505
Океания,Кук,-43.595,170.141944444
Океания,Тавурвур,-4.239,152.21
Океания,Mont Orohena,-17.623055555,-149.476944444
Океания,Terevaka,-27.084444444,-109.379444444
Океания,Джая,-4.083333333,137.183333333
Океания,Silisili,-13.618333333,-172.485833333
Океания,Мауна Кеа,19.820555555,-155.468055555
Океания,Lata Mountain,-14.236944444,-169.456944444
Океания,Dolohmwar,6.855277777,158.236666666
Океания,Rabaul caldera,-4.270833333,152.202777777
Океания,Mount Pelion West,-41.831677777,145.977625
Океания,Poike,-27.105322222,-109.25505
Океания,Mont Panié,-20.588333333,164.770555555
Океания,Mont Puke,-14.270833333,-178.138888888
Океания,Command Ridge,-0.530552,166.916924
Океания,Mawson Peak,-53.104166666,73.516944444
Океания,Adams Seamount,-25.366666666,-129.266666666
Океания,Mount Lamlam,13.338611111,144.662777777
Океания,Mount Lamlam,13.338611111,144.662777777
Океания,Pawala Valley Ridge,-25.068333333,-130.113333333
Океания,Егмонт,-39.296388888,174.064722222
Океания,Mawson Peak,-53.104166666,73.516944444
Океания,Fukutoku-Okanoba,24.28,141.485
Океания,Northwest Rota,14.60111111,144.775
Океания,Мауна Лоа,19.483333333,-155.6
Океания,Мауна Лоа,19.483333333,-155.6
Океания,Hualālai,19.692222222,-155.867222222
Северна Америка,Volcán de Agua,14.465,-90.742777777
Северна Америка,Tahual,14.43,-89.9
Северна Америка,Ел Чичон,17.36,-93.227777777
Северна Америка,Мон Пеле,14.813055555,-61.165555555
Северна Америка,Мон Пеле,14.813055555,-61.165555555
Северна Америка,Попокатепетъл,19.023386,-98.623434
Северна Америка,Попокатепетъл,19.023386,-98.623434
Северна Америка,Mount Taylor,35.238694444,-107.608527777
Северна Америка,Mount Aniakchak,56.907222222,-158.148888888
Северна Америка,Volcán Tajumulco,15.033333333,-91.9
Северна Америка,Mount Akutan,54.133055555,-165.985555555
Северна Америка,Poás Volcano,10.1978153,-84.2302979
Северна Америка,Pilot Butte,44.0605,-121.283
Северна Америка,Cedar Mesa,37.384722222,-109.93
Северна Америка,Wetherill Mesa,37.20138,-108.54203
Северна Америка,Puebla,12.3,-85.73
Северна Америка,Мон Пеле,14.813055555,-61.165555555
Северна Америка,Odell Butte,43.4709584,-121.8639165
Северна Америка,Odell Butte,43.47096,-121.86392
Северна Америка,Black Rock Butte,43.48207,-121.81253
Северна Америка,Black Rock Butte,43.4820692,-121.8125268
Централна Америка,Volcán de Fuego,14.474722222,-90.880833333
Централна Америка,Irazú Volcano,9.979166666,-83.8525
Централна Америка,Cerro Chirripó,9.484083333,-83.488666666
Централна Америка,Volcan Baru,8.808,-82.543
Централна Америка,Volcán Masaya,11.982777777,-86.161944444
Централна Америка,Arenal Volcano,10.4625,-84.703333333
Централна Америка,Volcán de Fuego,14.474722222,-90.880833333
Централна Америка,El Valle,8.58,-80.17
Централна Америка,Cerro Tacarcuna,8.15061,-77.29196
Централна Америка,Cerro Tacarcuna,8.165833333,-77.295833333
Централна Америка,Volcan Baru,8.808,-82.543
Южна Америка,Marchena Island,0.35,-90.5
Южна Америка,Nevado del Ruiz,4.895277777,-75.3225
Южна Америка,Copahue,-37.852222222,-71.1675
Южна Америка,Isluga,-19.15,-68.833333333
Южна Америка,Isluga,-19.15,-68.833333333
Южна Америка,Isluga,-19.15,-68.833333333
Южна Америка,Volcán El Jinete,-36.5985,-69.6032
Южна Америка,Bellevue de l'Inini,3.540555555,-53.573333333
Южна Америка,Lascar,-23.366666666,-67.746388888
Южна Америка,Licancabur,-22.833611111,-67.882777777
Южна Америка,Licancabur,-22.833611111,-67.882777777
Южна Америка,Volcán Cerro Machín,4.483333333,-75.391666666
Южна Америка,Cabaray,-19.145833333,-68.698333333
Южна Америка,Corazón volcano,-0.533333333,-78.666666666
Южна Америка,Коропуна,-15.520277777,-72.657222222
Южна Америка,Chiliques,-23.583333333,-67.7
Южна Америка,Isluga,-19.15,-68.833333333
Южна Америка,Isluga,-19.15,-68.833333333
Южна Америка,Isluga,-19.15,-68.833333333
Южна Америка,Tocorpuri,-22.438888888,-67.8875
